[{"model": "contenttypes.contenttype", "pk": 1, "fields": {"app_label": "admin", "model": "logentry"}}, {"model": "contenttypes.contenttype", "pk": 2, "fields": {"app_label": "auth", "model": "permission"}}, {"model": "contenttypes.contenttype", "pk": 3, "fields": {"app_label": "auth", "model": "group"}}, {"model": "contenttypes.contenttype", "pk": 4, "fields": {"app_label": "auth", "model": "user"}}, {"model": "contenttypes.contenttype", "pk": 5, "fields": {"app_label": "contenttypes", "model": "contenttype"}}, {"model": "contenttypes.contenttype", "pk": 6, "fields": {"app_label": "sessions", "model": "session"}}, {"model": "contenttypes.contenttype", "pk": 7, "fields": {"app_label": "blog", "model": "post"}}, {"model": "contenttypes.contenttype", "pk": 8, "fields": {"app_label": "users", "model": "profile"}}, {"model": "contenttypes.contenttype", "pk": 9, "fields": {"app_label": "forms", "model": "speaker"}}, {"model": "contenttypes.contenttype", "pk": 10, "fields": {"app_label": "forms", "model": "track"}}, {"model": "contenttypes.contenttype", "pk": 11, "fields": {"app_label": "forms", "model": "presentation"}}, {"model": "contenttypes.contenttype", "pk": 12, "fields": {"app_label": "forms", "model": "bpinspectionform"}}, {"model": "contenttypes.contenttype", "pk": 13, "fields": {"app_label": "forms", "model": "rtsform"}}, {"model": "contenttypes.contenttype", "pk": 14, "fields": {"app_label": "forms", "model": "department"}}, {"model": "contenttypes.contenttype", "pk": 15, "fields": {"app_label": "forms", "model": "supplier"}}, {"model": "contenttypes.contenttype", "pk": 16, "fields": {"app_label": "forms", "model": "material"}}, {"model": "contenttypes.contenttype", "pk": 17, "fields": {"app_label": "forms", "model": "reason"}}, {"model": "contenttypes.contenttype", "pk": 18, "fields": {"app_label": "forms", "model": "resolution"}}, {"model": "sessions.session", "pk": "4apun6lfx0u24ma5mrkq50m68p7rxv32", "fields": {"session_data": "ZjE0ZDM0OWVhMjJjYWM1ZmJhODJhYjRiY2NlYzk5YThjNzcwMDdiYTp7Il9hdXRoX3VzZXJfaWQiOiIxIiwiX2F1dGhfdXNlcl9iYWNrZW5kIjoiZGphbmdvLmNvbnRyaWIuYXV0aC5iYWNrZW5kcy5Nb2RlbEJhY2tlbmQiLCJfYXV0aF91c2VyX2hhc2giOiJiMjI4MWRhYThlODQzZTRiY2MwZmZkNjgxOTNjNjlmOGQxYzhjYjU2In0=", "expire_date": "2022-01-03T11:05:19.739Z"}}, {"model": "sessions.session", "pk": "6y5oyu420ufkwigjx14q8ue2hfarwsri", "fields": {"session_data": "YWY2ZGUxNzg1NzNjODY3OTVjYWRjYmYzMTFkMDRlNjMxOTVkZjk5NTp7Il9hdXRoX3VzZXJfaWQiOiI4IiwiX2F1dGhfdXNlcl9iYWNrZW5kIjoiZGphbmdvLmNvbnRyaWIuYXV0aC5iYWNrZW5kcy5Nb2RlbEJhY2tlbmQiLCJfYXV0aF91c2VyX2hhc2giOiI5NDU2YmRiMzA5NjdkNWFhZDY1OTRiMTA0YTk4M2FiNTNhNDc0ZjlkIn0=", "expire_date": "2022-02-08T11:54:53.468Z"}}, {"model": "sessions.session", "pk": "esutbvatjx0dympd1cgfwb4mj78wzfh6", "fields": {"session_data": "NmU1N2QzZDMzMmRlNTNlMTRiMGJlZWZkYmVmZmNlNjgyODRmNzViZTp7Il9hdXRoX3VzZXJfaWQiOiIxMiIsIl9hdXRoX3VzZXJfYmFja2VuZCI6ImRqYW5nby5jb250cmliLmF1dGguYmFja2VuZHMuTW9kZWxCYWNrZW5kIiwiX2F1dGhfdXNlcl9oYXNoIjoiZjdmYTViNTFkM2Q4NmI1NmUzM2U2Nzc5ZTQyODE4Njg5NmM4ZmRjYSJ9", "expire_date": "2022-02-08T11:38:44.502Z"}}, {"model": "sessions.session", "pk": "ixzpw7awxj9pj9yx0rs3m1t689xsrmwn", "fields": {"session_data": "ZjE0ZDM0OWVhMjJjYWM1ZmJhODJhYjRiY2NlYzk5YThjNzcwMDdiYTp7Il9hdXRoX3VzZXJfaWQiOiIxIiwiX2F1dGhfdXNlcl9iYWNrZW5kIjoiZGphbmdvLmNvbnRyaWIuYXV0aC5iYWNrZW5kcy5Nb2RlbEJhY2tlbmQiLCJfYXV0aF91c2VyX2hhc2giOiJiMjI4MWRhYThlODQzZTRiY2MwZmZkNjgxOTNjNjlmOGQxYzhjYjU2In0=", "expire_date": "2022-01-03T19:25:18.349Z"}}, {"model": "sessions.session", "pk": "j75v7ez9pj0a9hlr9t5vqw2bai7n3b5o", "fields": {"session_data": "ZjE0ZDM0OWVhMjJjYWM1ZmJhODJhYjRiY2NlYzk5YThjNzcwMDdiYTp7Il9hdXRoX3VzZXJfaWQiOiIxIiwiX2F1dGhfdXNlcl9iYWNrZW5kIjoiZGphbmdvLmNvbnRyaWIuYXV0aC5iYWNrZW5kcy5Nb2RlbEJhY2tlbmQiLCJfYXV0aF91c2VyX2hhc2giOiJiMjI4MWRhYThlODQzZTRiY2MwZmZkNjgxOTNjNjlmOGQxYzhjYjU2In0=", "expire_date": "2022-02-08T11:55:50.643Z"}}, {"model": "sessions.session", "pk": "mttxsz0lp0qxa7m1padlcavnwomu5fxn", "fields": {"session_data": "ZjE0ZDM0OWVhMjJjYWM1ZmJhODJhYjRiY2NlYzk5YThjNzcwMDdiYTp7Il9hdXRoX3VzZXJfaWQiOiIxIiwiX2F1dGhfdXNlcl9iYWNrZW5kIjoiZGphbmdvLmNvbnRyaWIuYXV0aC5iYWNrZW5kcy5Nb2RlbEJhY2tlbmQiLCJfYXV0aF91c2VyX2hhc2giOiJiMjI4MWRhYThlODQzZTRiY2MwZmZkNjgxOTNjNjlmOGQxYzhjYjU2In0=", "expire_date": "2021-12-14T11:54:46.764Z"}}, {"model": "sessions.session", "pk": "nqibtop0kx75806waf2xfjs06fbo03uu", "fields": {"session_data": "ZjE0ZDM0OWVhMjJjYWM1ZmJhODJhYjRiY2NlYzk5YThjNzcwMDdiYTp7Il9hdXRoX3VzZXJfaWQiOiIxIiwiX2F1dGhfdXNlcl9iYWNrZW5kIjoiZGphbmdvLmNvbnRyaWIuYXV0aC5iYWNrZW5kcy5Nb2RlbEJhY2tlbmQiLCJfYXV0aF91c2VyX2hhc2giOiJiMjI4MWRhYThlODQzZTRiY2MwZmZkNjgxOTNjNjlmOGQxYzhjYjU2In0=", "expire_date": "2022-02-17T11:16:58.499Z"}}, {"model": "sessions.session", "pk": "ylukowvj0tey32yxe2262o22e0u836wy", "fields": {"session_data": "ZjE0ZDM0OWVhMjJjYWM1ZmJhODJhYjRiY2NlYzk5YThjNzcwMDdiYTp7Il9hdXRoX3VzZXJfaWQiOiIxIiwiX2F1dGhfdXNlcl9iYWNrZW5kIjoiZGphbmdvLmNvbnRyaWIuYXV0aC5iYWNrZW5kcy5Nb2RlbEJhY2tlbmQiLCJfYXV0aF91c2VyX2hhc2giOiJiMjI4MWRhYThlODQzZTRiY2MwZmZkNjgxOTNjNjlmOGQxYzhjYjU2In0=", "expire_date": "2022-02-08T10:35:25.763Z"}}, {"model": "sessions.session", "pk": "zqdhmbp5pjics8ktfhh3sqjss5cmle04", "fields": {"session_data": "YmNkMjA1NWJmOWJmMzA1ZmExNmU1MTNmMjM1YTk2NzExMTIxNGJlMzp7Il9hdXRoX3VzZXJfaWQiOiI3IiwiX2F1dGhfdXNlcl9iYWNrZW5kIjoiZGphbmdvLmNvbnRyaWIuYXV0aC5iYWNrZW5kcy5Nb2RlbEJhY2tlbmQiLCJfYXV0aF91c2VyX2hhc2giOiJjZjQ4NDljNTBlN2NkYjQ2Zjc5MmI2NDE4MjFjODI0MWFkYTdlMzIyIn0=", "expire_date": "2022-02-08T11:36:49.935Z"}}, {"model": "forms.speaker", "pk": 1, "fields": {"name": "Dan"}}, {"model": "forms.track", "pk": 1, "fields": {"title": "7thTrack"}}, {"model": "forms.department", "pk": 1, "fields": {"name": "Baking"}}, {"model": "forms.department", "pk": 2, "fields": {"name": "Refinery"}}, {"model": "forms.department", "pk": 3, "fields": {"name": "Tissue"}}, {"model": "forms.department", "pk": 4, "fields": {"name": "Warehouse"}}, {"model": "forms.department", "pk": 6, "fields": {"name": "ICT"}}, {"model": "forms.supplier", "pk": 1, "fields": {"name": "ASHUT ENGINEERS LTD"}}, {"model": "forms.supplier", "pk": 2, "fields": {"name": "ASL LTD - CHEMICAL DIVISION"}}, {"model": "forms.supplier", "pk": 3, "fields": {"name": "BLOWPLAST LTD"}}, {"model": "forms.supplier", "pk": 4, "fields": {"name": "FORTUNA INDUSTRIES LTD"}}, {"model": "forms.supplier", "pk": 5, "fields": {"name": "ASL LTD - CHEMICAL DIVISION"}}, {"model": "forms.material", "pk": 1, "fields": {"name": "Postman Vegetable Oil 1 Litre Label", "material_code": "2000001284"}}, {"model": "forms.material", "pk": 2, "fields": {"name": "Rhapso vegetable Oil 500 ml label", "material_code": "2000001257"}}, {"model": "forms.material", "pk": 3, "fields": {"name": "Adhesive Tape 50mm * 1000mts(T/120/50)", "material_code": "2000000480"}}, {"model": "forms.material", "pk": 4, "fields": {"name": "Captain Cook 10Ltr Label", "material_code": "2000000047"}}, {"model": "forms.material", "pk": 5, "fields": {"name": "Plain 10 Ltr Rina Yellow Jericans", "material_code": "2000000141"}}, {"model": "forms.reason", "pk": 1, "fields": {"name": "Leaking holes"}}, {"model": "forms.reason", "pk": 2, "fields": {"name": "Poor mouth trimming/deformity"}}, {"model": "forms.reason", "pk": 3, "fields": {"name": "Poor labelling/ poor printing"}}, {"model": "forms.reason", "pk": 4, "fields": {"name": "Visible impurities"}}, {"model": "forms.reason", "pk": 5, "fields": {"name": "Overweights"}}, {"model": "forms.reason", "pk": 6, "fields": {"name": "Underweights"}}, {"model": "forms.resolution", "pk": 1, "fields": {"name": "Reject affected quantity"}}, {"model": "forms.resolution", "pk": 2, "fields": {"name": "Offload delivery and segregate"}}, {"model": "forms.resolution", "pk": 3, "fields": {"name": "Accept delivery as is"}}, {"model": "forms.resolution", "pk": 4, "fields": {"name": "Reject full delivery"}}, {"model": "forms.presentation", "pk": 1, "fields": {"title": "Django", "abstract": "this is another one", "track": 1, "speaker": 1}}, {"model": "forms.presentation", "pk": 2, "fields": {"title": "Another one", "abstract": "Another one on the list", "track": 1, "speaker": 1}}, {"model": "auth.permission", "pk": 1, "fields": {"name": "Can add log entry", "content_type": 1, "codename": "add_logentry"}}, {"model": "auth.permission", "pk": 2, "fields": {"name": "Can change log entry", "content_type": 1, "codename": "change_logentry"}}, {"model": "auth.permission", "pk": 3, "fields": {"name": "Can delete log entry", "content_type": 1, "codename": "delete_logentry"}}, {"model": "auth.permission", "pk": 4, "fields": {"name": "Can view log entry", "content_type": 1, "codename": "view_logentry"}}, {"model": "auth.permission", "pk": 5, "fields": {"name": "Can add permission", "content_type": 2, "codename": "add_permission"}}, {"model": "auth.permission", "pk": 6, "fields": {"name": "Can change permission", "content_type": 2, "codename": "change_permission"}}, {"model": "auth.permission", "pk": 7, "fields": {"name": "Can delete permission", "content_type": 2, "codename": "delete_permission"}}, {"model": "auth.permission", "pk": 8, "fields": {"name": "Can view permission", "content_type": 2, "codename": "view_permission"}}, {"model": "auth.permission", "pk": 9, "fields": {"name": "Can add group", "content_type": 3, "codename": "add_group"}}, {"model": "auth.permission", "pk": 10, "fields": {"name": "Can change group", "content_type": 3, "codename": "change_group"}}, {"model": "auth.permission", "pk": 11, "fields": {"name": "Can delete group", "content_type": 3, "codename": "delete_group"}}, {"model": "auth.permission", "pk": 12, "fields": {"name": "Can view group", "content_type": 3, "codename": "view_group"}}, {"model": "auth.permission", "pk": 13, "fields": {"name": "Can add user", "content_type": 4, "codename": "add_user"}}, {"model": "auth.permission", "pk": 14, "fields": {"name": "Can change user", "content_type": 4, "codename": "change_user"}}, {"model": "auth.permission", "pk": 15, "fields": {"name": "Can delete user", "content_type": 4, "codename": "delete_user"}}, {"model": "auth.permission", "pk": 16, "fields": {"name": "Can view user", "content_type": 4, "codename": "view_user"}}, {"model": "auth.permission", "pk": 17, "fields": {"name": "Can add content type", "content_type": 5, "codename": "add_contenttype"}}, {"model": "auth.permission", "pk": 18, "fields": {"name": "Can change content type", "content_type": 5, "codename": "change_contenttype"}}, {"model": "auth.permission", "pk": 19, "fields": {"name": "Can delete content type", "content_type": 5, "codename": "delete_contenttype"}}, {"model": "auth.permission", "pk": 20, "fields": {"name": "Can view content type", "content_type": 5, "codename": "view_contenttype"}}, {"model": "auth.permission", "pk": 21, "fields": {"name": "Can add session", "content_type": 6, "codename": "add_session"}}, {"model": "auth.permission", "pk": 22, "fields": {"name": "Can change session", "content_type": 6, "codename": "change_session"}}, {"model": "auth.permission", "pk": 23, "fields": {"name": "Can delete session", "content_type": 6, "codename": "delete_session"}}, {"model": "auth.permission", "pk": 24, "fields": {"name": "Can view session", "content_type": 6, "codename": "view_session"}}, {"model": "auth.permission", "pk": 25, "fields": {"name": "Can add post", "content_type": 7, "codename": "add_post"}}, {"model": "auth.permission", "pk": 26, "fields": {"name": "Can change post", "content_type": 7, "codename": "change_post"}}, {"model": "auth.permission", "pk": 27, "fields": {"name": "Can delete post", "content_type": 7, "codename": "delete_post"}}, {"model": "auth.permission", "pk": 28, "fields": {"name": "Can view post", "content_type": 7, "codename": "view_post"}}, {"model": "auth.permission", "pk": 29, "fields": {"name": "Can add profile", "content_type": 8, "codename": "add_profile"}}, {"model": "auth.permission", "pk": 30, "fields": {"name": "Can change profile", "content_type": 8, "codename": "change_profile"}}, {"model": "auth.permission", "pk": 31, "fields": {"name": "Can delete profile", "content_type": 8, "codename": "delete_profile"}}, {"model": "auth.permission", "pk": 32, "fields": {"name": "Can view profile", "content_type": 8, "codename": "view_profile"}}, {"model": "auth.permission", "pk": 33, "fields": {"name": "Can add speaker", "content_type": 9, "codename": "add_speaker"}}, {"model": "auth.permission", "pk": 34, "fields": {"name": "Can change speaker", "content_type": 9, "codename": "change_speaker"}}, {"model": "auth.permission", "pk": 35, "fields": {"name": "Can delete speaker", "content_type": 9, "codename": "delete_speaker"}}, {"model": "auth.permission", "pk": 36, "fields": {"name": "Can view speaker", "content_type": 9, "codename": "view_speaker"}}, {"model": "auth.permission", "pk": 37, "fields": {"name": "Can add track", "content_type": 10, "codename": "add_track"}}, {"model": "auth.permission", "pk": 38, "fields": {"name": "Can change track", "content_type": 10, "codename": "change_track"}}, {"model": "auth.permission", "pk": 39, "fields": {"name": "Can delete track", "content_type": 10, "codename": "delete_track"}}, {"model": "auth.permission", "pk": 40, "fields": {"name": "Can view track", "content_type": 10, "codename": "view_track"}}, {"model": "auth.permission", "pk": 41, "fields": {"name": "Can add presentation", "content_type": 11, "codename": "add_presentation"}}, {"model": "auth.permission", "pk": 42, "fields": {"name": "Can change presentation", "content_type": 11, "codename": "change_presentation"}}, {"model": "auth.permission", "pk": 43, "fields": {"name": "Can delete presentation", "content_type": 11, "codename": "delete_presentation"}}, {"model": "auth.permission", "pk": 44, "fields": {"name": "Can view presentation", "content_type": 11, "codename": "view_presentation"}}, {"model": "auth.permission", "pk": 45, "fields": {"name": "Can add b pinspectionform", "content_type": 12, "codename": "add_bpinspectionform"}}, {"model": "auth.permission", "pk": 46, "fields": {"name": "Can change b pinspectionform", "content_type": 12, "codename": "change_bpinspectionform"}}, {"model": "auth.permission", "pk": 47, "fields": {"name": "Can delete b pinspectionform", "content_type": 12, "codename": "delete_bpinspectionform"}}, {"model": "auth.permission", "pk": 48, "fields": {"name": "Can view b pinspectionform", "content_type": 12, "codename": "view_bpinspectionform"}}, {"model": "auth.permission", "pk": 49, "fields": {"name": "Can add rt sform", "content_type": 13, "codename": "add_rtsform"}}, {"model": "auth.permission", "pk": 50, "fields": {"name": "Can change rt sform", "content_type": 13, "codename": "change_rtsform"}}, {"model": "auth.permission", "pk": 51, "fields": {"name": "Can delete rt sform", "content_type": 13, "codename": "delete_rtsform"}}, {"model": "auth.permission", "pk": 52, "fields": {"name": "Can view rt sform", "content_type": 13, "codename": "view_rtsform"}}, {"model": "auth.permission", "pk": 53, "fields": {"name": "Can add department", "content_type": 14, "codename": "add_department"}}, {"model": "auth.permission", "pk": 54, "fields": {"name": "Can change department", "content_type": 14, "codename": "change_department"}}, {"model": "auth.permission", "pk": 55, "fields": {"name": "Can delete department", "content_type": 14, "codename": "delete_department"}}, {"model": "auth.permission", "pk": 56, "fields": {"name": "Can view department", "content_type": 14, "codename": "view_department"}}, {"model": "auth.permission", "pk": 57, "fields": {"name": "Can add supplier", "content_type": 15, "codename": "add_supplier"}}, {"model": "auth.permission", "pk": 58, "fields": {"name": "Can change supplier", "content_type": 15, "codename": "change_supplier"}}, {"model": "auth.permission", "pk": 59, "fields": {"name": "Can delete supplier", "content_type": 15, "codename": "delete_supplier"}}, {"model": "auth.permission", "pk": 60, "fields": {"name": "Can view supplier", "content_type": 15, "codename": "view_supplier"}}, {"model": "auth.permission", "pk": 61, "fields": {"name": "Can add material", "content_type": 16, "codename": "add_material"}}, {"model": "auth.permission", "pk": 62, "fields": {"name": "Can change material", "content_type": 16, "codename": "change_material"}}, {"model": "auth.permission", "pk": 63, "fields": {"name": "Can delete material", "content_type": 16, "codename": "delete_material"}}, {"model": "auth.permission", "pk": 64, "fields": {"name": "Can view material", "content_type": 16, "codename": "view_material"}}, {"model": "auth.permission", "pk": 65, "fields": {"name": "Can add reason", "content_type": 17, "codename": "add_reason"}}, {"model": "auth.permission", "pk": 66, "fields": {"name": "Can change reason", "content_type": 17, "codename": "change_reason"}}, {"model": "auth.permission", "pk": 67, "fields": {"name": "Can delete reason", "content_type": 17, "codename": "delete_reason"}}, {"model": "auth.permission", "pk": 68, "fields": {"name": "Can view reason", "content_type": 17, "codename": "view_reason"}}, {"model": "auth.permission", "pk": 69, "fields": {"name": "Can add resolution", "content_type": 18, "codename": "add_resolution"}}, {"model": "auth.permission", "pk": 70, "fields": {"name": "Can change resolution", "content_type": 18, "codename": "change_resolution"}}, {"model": "auth.permission", "pk": 71, "fields": {"name": "Can delete resolution", "content_type": 18, "codename": "delete_resolution"}}, {"model": "auth.permission", "pk": 72, "fields": {"name": "Can view resolution", "content_type": 18, "codename": "view_resolution"}}, {"model": "auth.user", "pk": 1, "fields": {"password": "pbkdf2_sha256$150000$wnWnu0DbAv6f$H82phhV5EU14HcJoZlyvzaiz40gnSr5MHns8R4FcOMk=", "last_login": "2022-02-03T11:16:58.284Z", "is_superuser": true, "username": "Kibet", "first_name": "Brian", "last_name": "Kibet", "email": "briankmoike@gmail.com", "is_staff": true, "is_active": true, "date_joined": "2021-11-30T11:54:36Z", "groups": [], "user_permissions": [1]}}, {"model": "auth.user", "pk": 2, "fields": {"password": "pbkdf2_sha256$150000$G3bFHzTHO3cT$Z9yYHBcRX9jJF292gUZADWTuODPrlfPJCgM3c+ciRz8=", "last_login": null, "is_superuser": false, "username": "Skipper", "first_name": "", "last_name": "", "email": "support.user2@kapa-oil.local", "is_staff": false, "is_active": true, "date_joined": "2021-12-19T19:15:09Z", "groups": [], "user_permissions": []}}, {"model": "auth.user", "pk": 3, "fields": {"password": "pbkdf2_sha256$150000$yntfMj8bot0L$zqJ6GrSAScFGWSzf+DKT1qm+oryiLUhWLMKjx7Ednak=", "last_login": "2022-01-24T19:18:37.177Z", "is_superuser": false, "username": "Kowalski", "first_name": "Kowalski", "last_name": "", "email": "support.user2@kapa-oil.local", "is_staff": false, "is_active": true, "date_joined": "2021-12-19T19:15:56Z", "groups": [], "user_permissions": []}}, {"model": "auth.user", "pk": 4, "fields": {"password": "pbkdf2_sha256$150000$XYLMujFNx6pL$P88wS8J2kCIE/y5gnA1KZGQ/NmhtaWtsuICQZcP6WsY=", "last_login": "2022-01-25T09:46:03.158Z", "is_superuser": false, "username": "Rico", "first_name": "", "last_name": "", "email": "support.user2@kapa-oil.local", "is_staff": false, "is_active": true, "date_joined": "2021-12-19T19:16:37Z", "groups": [], "user_permissions": []}}, {"model": "auth.user", "pk": 5, "fields": {"password": "pbkdf2_sha256$150000$DzwZCVtkxpOJ$i0ZFH/enpJddyGRniGyu3ZB4YffxEOlHac1Syiiy7to=", "last_login": "2022-01-18T10:33:13Z", "is_superuser": false, "username": "Private", "first_name": "", "last_name": "", "email": "support.user2@kapa-oil.local", "is_staff": false, "is_active": true, "date_joined": "2021-12-19T19:17:04Z", "groups": [], "user_permissions": []}}, {"model": "auth.user", "pk": 6, "fields": {"password": "pbkdf2_sha256$150000$vh3Fz7BooTv6$3D+yHubdyvWqSLD71Uv7+ucAOkeMnvfo+hBXuoDTeiE=", "last_login": null, "is_superuser": false, "username": "Julian", "first_name": "", "last_name": "", "email": "support.user2@kapa-oil.local", "is_staff": false, "is_active": true, "date_joined": "2022-01-24T10:33:34Z", "groups": [], "user_permissions": []}}, {"model": "auth.user", "pk": 7, "fields": {"password": "pbkdf2_sha256$150000$4buhlgR4PAwr$3KEjKnp4ptefniXr5KMDHv0MFOqKqN626JcgNYSXFVk=", "last_login": "2022-01-25T11:36:49.825Z", "is_superuser": false, "username": "Alice.Muchiri", "first_name": "Alice", "last_name": "Muchiri", "email": "qao.user3@kapa-oil.local", "is_staff": false, "is_active": true, "date_joined": "2022-01-25T06:14:46Z", "groups": [], "user_permissions": []}}, {"model": "auth.user", "pk": 8, "fields": {"password": "pbkdf2_sha256$150000$NuwBs0Nvu5dv$RMn0Q2xYtCxRjBOE35bwx3BnRMlBA3sNjM6DTssICo4=", "last_login": "2022-01-25T11:54:53.297Z", "is_superuser": false, "username": "Jackline.Odhiambo", "first_name": "Jackline", "last_name": "Odhiambo", "email": "warehse.user4@kapa-oil.local", "is_staff": false, "is_active": true, "date_joined": "2022-01-25T06:15:18Z", "groups": [], "user_permissions": []}}, {"model": "auth.user", "pk": 9, "fields": {"password": "pbkdf2_sha256$150000$zqcUJZGlOtyR$74Njrq88RC1ziiPEDFR3qbntDu3C6txTxHslk/Mb230=", "last_login": null, "is_superuser": false, "username": "Sohini.Shah", "first_name": "Sohini", "last_name": "Shah", "email": "qao.user6@kapa-oil.local", "is_staff": false, "is_active": true, "date_joined": "2022-01-25T06:16:23Z", "groups": [], "user_permissions": []}}, {"model": "auth.user", "pk": 10, "fields": {"password": "pbkdf2_sha256$150000$i9XkaOqHWunw$KPqHab6ca1nIxH00g5PDtTJH7wbJKaBmc6+TR8jKVI4=", "last_login": null, "is_superuser": false, "username": "Stella.Kangethe", "first_name": "Stella", "last_name": "Kangethe", "email": "qao.user1@kapa-oil.local", "is_staff": false, "is_active": true, "date_joined": "2022-01-25T06:16:43Z", "groups": [], "user_permissions": []}}, {"model": "auth.user", "pk": 11, "fields": {"password": "pbkdf2_sha256$150000$vg1R9IHTcg8f$2RTIibEQBGwAj6+lFlHXxVpap6aTIP1x6dfkxuWudcI=", "last_login": null, "is_superuser": false, "username": "Chandrasekhar", "first_name": "Chandrasekhar", "last_name": "", "email": "fm@kapa-oil.com", "is_staff": false, "is_active": true, "date_joined": "2022-01-25T06:17:03Z", "groups": [], "user_permissions": []}}, {"model": "auth.user", "pk": 12, "fields": {"password": "pbkdf2_sha256$150000$dKVbrnDXvEAO$T1RySWbMrio7ErK4YJ1oGM0zC17RNkdi5i3edZwxy3Y=", "last_login": "2022-01-25T11:38:44.386Z", "is_superuser": false, "username": "Timothy.Kiogora", "first_name": "Timothy", "last_name": "Kiogora", "email": "purchases.user7@kapa-oil.local", "is_staff": false, "is_active": true, "date_joined": "2022-01-25T06:17:28Z", "groups": [], "user_permissions": []}}, {"model": "auth.user", "pk": 13, "fields": {"password": "pbkdf2_sha256$150000$vcREQ3sdzThu$ThJMeuT0cFSKiASkbeVxXIjjirFmtwf8X7uU2EIvRPY=", "last_login": null, "is_superuser": false, "username": "Hannah.Aser", "first_name": "Hannah", "last_name": "Aser", "email": "warehse.user2@kapa-oil.local", "is_staff": false, "is_active": true, "date_joined": "2022-01-25T07:12:57Z", "groups": [], "user_permissions": []}}, {"model": "auth.user", "pk": 14, "fields": {"password": "pbkdf2_sha256$150000$hMHusNHy3Fwp$I1WYvH0B84YbXLOtgOZIc2GKTc2wc6HQp+1DYZdewCk=", "last_login": null, "is_superuser": false, "username": "Admin", "first_name": "", "last_name": "", "email": "ict@kapa-oil.com", "is_staff": false, "is_active": true, "date_joined": "2022-01-25T11:49:08Z", "groups": [], "user_permissions": []}}, {"model": "blog.post", "pk": 1, "fields": {"title": "First one", "content": "First blogpost", "date_posted": "2022-01-13T18:43:13.273Z", "author": 1}}, {"model": "users.profile", "pk": 1, "fields": {"user": 1, "authentication": "0", "level": 5, "image": "default.jpg", "department": "Warehouse", "email": "support.user2@kapa-oil.local"}}, {"model": "users.profile", "pk": 2, "fields": {"user": 2, "authentication": "0", "level": 3, "image": "default.jpg", "department": "Refinery", "email": "support.user2@kapa-oil.local"}}, {"model": "users.profile", "pk": 3, "fields": {"user": 3, "authentication": "0", "level": 1, "image": "default.jpg", "department": "Warehouse", "email": "support.user2@kapa-oil.local"}}, {"model": "users.profile", "pk": 4, "fields": {"user": 4, "authentication": "0", "level": 1, "image": "default.jpg", "department": "Refinery", "email": "support.user2@kapa-oil.local"}}, {"model": "users.profile", "pk": 5, "fields": {"user": 5, "authentication": "0", "level": 1, "image": "default.jpg", "department": "Baking", "email": "support.user2@kapa-oil.local"}}, {"model": "users.profile", "pk": 6, "fields": {"user": 6, "authentication": "0", "level": 4, "image": "default.jpg", "department": "Refinery", "email": "support.user2@kapa-oil.local"}}, {"model": "users.profile", "pk": 7, "fields": {"user": 7, "authentication": "0", "level": 1, "image": "default.jpg", "department": "Warehouse", "email": "qao.user3@kapa-oil.local"}}, {"model": "users.profile", "pk": 8, "fields": {"user": 8, "authentication": "0", "level": 5, "image": "default.jpg", "department": "Warehouse", "email": "warehse.user4@kapa-oil.local"}}, {"model": "users.profile", "pk": 9, "fields": {"user": 9, "authentication": "0", "level": 3, "image": "default.jpg", "department": "QAO", "email": "qao.user6@kapa-oil.local"}}, {"model": "users.profile", "pk": 10, "fields": {"user": 10, "authentication": "0", "level": 3, "image": "default.jpg", "department": "QAO", "email": "qao.user1@kapa-oil.local"}}, {"model": "users.profile", "pk": 11, "fields": {"user": 11, "authentication": "0", "level": 4, "image": "default.jpg", "department": "Factory", "email": "fm@kapa-oil.com"}}, {"model": "users.profile", "pk": 12, "fields": {"user": 12, "authentication": "0", "level": 4, "image": "default.jpg", "department": "Purchase", "email": "purchases.user7@kapa-oil.local"}}, {"model": "users.profile", "pk": 13, "fields": {"user": 13, "authentication": "0", "level": 2, "image": "default.jpg", "department": "Warehouse", "email": "warehse.user2@kapa-oil.local"}}, {"model": "users.profile", "pk": 14, "fields": {"user": 14, "authentication": "0", "level": 5, "image": "default.jpg", "department": "ICT", "email": "ict@kapa-oil.com"}}, {"model": "forms.rtsform", "pk": 1, "fields": {"date_posted": "2021-12-06T06:10:41Z", "author": null, "department": "2", "supplier": 1, "vehicle_number": "KAT 001D", "dnote_number": "35/780", "dnote_date": "21/02/2021", "material_description": 1, "quality_issue": "Flashes", "reason_for_rejection": 1, "delivery_quantity": "1000", "sampled_quantity": "20", "quantity_affected": "5", "acceptable_level": "1/5", "batches_sampled": "4,5,6", "mould": "r56", "hod_comment": "Return to supplier", "image": "rts_pics/ClassicDetergentA2PosterFA7_ZRDN7XE.jpg", "form_status": 0, "qao_comment": null, "resolution": 1}}, {"model": "forms.rtsform", "pk": 2, "fields": {"date_posted": "2021-12-06T06:11:35Z", "author": null, "department": "1", "supplier": 1, "vehicle_number": "KAT 001D", "dnote_number": "34/001", "dnote_date": "21/12/2021", "material_description": 1, "quality_issue": "Flashes", "reason_for_rejection": 3, "delivery_quantity": "1000", "sampled_quantity": "20", "quantity_affected": "5", "acceptable_level": "1/7", "batches_sampled": "4,5,6", "mould": "R45", "hod_comment": "Return to supplier", "image": "rts_pics/Rina_New_Look_VVHmSWX.jpg", "form_status": 2, "qao_comment": null, "resolution": 1}}, {"model": "forms.rtsform", "pk": 3, "fields": {"date_posted": "2021-12-06T10:58:14Z", "author": null, "department": "1", "supplier": 2, "vehicle_number": "KAG543T", "dnote_number": "34/001", "dnote_date": "01/02/2021", "material_description": 1, "quality_issue": "Flashes", "reason_for_rejection": 3, "delivery_quantity": "1000", "sampled_quantity": "20", "quantity_affected": "5", "acceptable_level": "1/5", "batches_sampled": "4,5,6", "mould": "R35", "hod_comment": null, "image": "default.jpg", "form_status": 0, "qao_comment": null, "resolution": 1}}, {"model": "forms.rtsform", "pk": 4, "fields": {"date_posted": "2021-12-06T11:00:08Z", "author": null, "department": "1", "supplier": 1, "vehicle_number": "KAT 001D", "dnote_number": "35/780", "dnote_date": "01/01/2021", "material_description": 1, "quality_issue": "Threads", "reason_for_rejection": 2, "delivery_quantity": "1500", "sampled_quantity": "20", "quantity_affected": "7", "acceptable_level": "1/7", "batches_sampled": "40", "mould": "R35", "hod_comment": "Not acceptable", "image": "rts_pics/Rina_New_Look_tdBvDF4.jpg", "form_status": 0, "qao_comment": null, "resolution": 1}}, {"model": "forms.rtsform", "pk": 5, "fields": {"date_posted": "2021-12-07T12:43:58Z", "author": null, "department": "3", "supplier": 4, "vehicle_number": "KAG543T", "dnote_number": "35/090", "dnote_date": "01/10/2021", "material_description": 3, "quality_issue": "Marks", "reason_for_rejection": 3, "delivery_quantity": "546", "sampled_quantity": "10", "quantity_affected": "3", "acceptable_level": "1/10", "batches_sampled": "F456", "mould": "R300", "hod_comment": null, "image": "default.jpg", "form_status": 0, "qao_comment": null, "resolution": 1}}, {"model": "forms.rtsform", "pk": 6, "fields": {"date_posted": "2021-12-07T12:43:58Z", "author": null, "department": "3", "supplier": 4, "vehicle_number": "KAG543T", "dnote_number": "35/091", "dnote_date": "01/10/2021", "material_description": 3, "quality_issue": "Marks", "reason_for_rejection": 3, "delivery_quantity": "546", "sampled_quantity": "10", "quantity_affected": "3", "acceptable_level": "1/10", "batches_sampled": "F456", "mould": "R300", "hod_comment": "Return to supplier", "image": "default.jpg", "form_status": 0, "qao_comment": null, "resolution": 1}}, {"model": "forms.rtsform", "pk": 7, "fields": {"date_posted": "2021-12-07T12:57:18Z", "author": null, "department": "3", "supplier": 3, "vehicle_number": "KAT 345 R", "dnote_number": "34/001", "dnote_date": "21/12/2021", "material_description": 1, "quality_issue": "Flashes", "reason_for_rejection": 1, "delivery_quantity": "1000", "sampled_quantity": "50", "quantity_affected": "10", "acceptable_level": "3/125", "batches_sampled": "22/11N, 23/11D", "mould": "3", "hod_comment": null, "image": "default.jpg", "form_status": 0, "qao_comment": null, "resolution": 1}}, {"model": "forms.rtsform", "pk": 8, "fields": {"date_posted": "2021-12-09T12:33:44Z", "author": null, "department": "3", "supplier": 3, "vehicle_number": "KAT 345 R", "dnote_number": "34/001", "dnote_date": "21/12/2021", "material_description": 1, "quality_issue": "Flashes", "reason_for_rejection": 1, "delivery_quantity": "1000", "sampled_quantity": "50", "quantity_affected": "10", "acceptable_level": "3/125", "batches_sampled": "22/11N, 23/11D", "mould": "3", "hod_comment": "Return to supplier", "image": "rts_pics/ClassicDetergentA2PosterFA7_Y6CTwHS.jpg", "form_status": 2, "qao_comment": null, "resolution": 1}}, {"model": "forms.rtsform", "pk": 9, "fields": {"date_posted": "2021-12-10T08:48:43Z", "author": null, "department": "2", "supplier": 3, "vehicle_number": "KAT 345 R", "dnote_number": "35/200", "dnote_date": "21/02/2021", "material_description": 2, "quality_issue": "Flashes", "reason_for_rejection": 1, "delivery_quantity": "2000", "sampled_quantity": "50", "quantity_affected": "10", "acceptable_level": "1/200", "batches_sampled": "R400", "mould": "R300", "hod_comment": null, "image": "default.jpg", "form_status": 0, "qao_comment": null, "resolution": 1}}, {"model": "forms.rtsform", "pk": 10, "fields": {"date_posted": "2021-12-15T08:26:09Z", "author": null, "department": "2", "supplier": 2, "vehicle_number": "KAT 345 R", "dnote_number": "35/780", "dnote_date": "21/12/2021", "material_description": 1, "quality_issue": "Presence of dust particles", "reason_for_rejection": 4, "delivery_quantity": "1000", "sampled_quantity": "40", "quantity_affected": "5", "acceptable_level": "1/5", "batches_sampled": "100", "mould": "R300", "hod_comment": "Return to supplier", "image": "rts_pics/ClassicDetergentA2PosterFA7_zRtxWTB.jpg", "form_status": 2, "qao_comment": null, "resolution": 1}}, {"model": "forms.rtsform", "pk": 11, "fields": {"date_posted": "2021-12-20T11:08:35Z", "author": 1, "department": "2", "supplier": 2, "vehicle_number": "KAT 001D", "dnote_number": "34/001", "dnote_date": "21/12/2021", "material_description": 2, "quality_issue": "Flashes", "reason_for_rejection": 1, "delivery_quantity": "1500", "sampled_quantity": "100", "quantity_affected": "10", "acceptable_level": "1/10", "batches_sampled": "100", "mould": "R300", "hod_comment": "Not acceptable", "image": "rts_pics/Rina_New_Look_sFYCdOk.jpg", "form_status": 2, "qao_comment": null, "resolution": 1}}, {"model": "forms.rtsform", "pk": 12, "fields": {"date_posted": "2021-12-20T11:11:38Z", "author": 1, "department": "1", "supplier": 1, "vehicle_number": "KAT 345 R", "dnote_number": "2300", "dnote_date": "21/11/2021", "material_description": 1, "quality_issue": "Flashes", "reason_for_rejection": 1, "delivery_quantity": "1000", "sampled_quantity": "100", "quantity_affected": "11", "acceptable_level": "1/7", "batches_sampled": "RG/KO6", "mould": "R300", "hod_comment": "No", "image": "rts_pics/Rina_New_Look_1yZRula.jpg", "form_status": -1, "qao_comment": null, "resolution": 1}}, {"model": "forms.rtsform", "pk": 13, "fields": {"date_posted": "2021-12-20T11:13:01Z", "author": 1, "department": "1", "supplier": 1, "vehicle_number": "KAG543T", "dnote_number": "45/345", "dnote_date": "21/12/2021", "material_description": 1, "quality_issue": "Flashes", "reason_for_rejection": 2, "delivery_quantity": "1500", "sampled_quantity": "100", "quantity_affected": "2", "acceptable_level": "1/7", "batches_sampled": "34", "mould": "R45", "hod_comment": "Return to supplier", "image": "rts_pics/Rina_New_Look.jpg", "form_status": 2, "qao_comment": null, "resolution": 1}}, {"model": "forms.rtsform", "pk": 14, "fields": {"date_posted": "2021-12-20T11:18:30Z", "author": 3, "department": "1", "supplier": 1, "vehicle_number": "KAT 345 R", "dnote_number": "35/780", "dnote_date": "01/10/2021", "material_description": 1, "quality_issue": "Flashes", "reason_for_rejection": 4, "delivery_quantity": "2000", "sampled_quantity": "100", "quantity_affected": "30", "acceptable_level": "1/200", "batches_sampled": "34", "mould": "rt33", "hod_comment": "Needs to be returned", "image": "rts_pics/Classic_Detergent_A2_Poster_FA.jpg", "form_status": 2, "qao_comment": null, "resolution": 1}}, {"model": "forms.rtsform", "pk": 15, "fields": {"date_posted": "2021-12-20T11:25:54Z", "author": 3, "department": "2", "supplier": 1, "vehicle_number": "KAT 345 R", "dnote_number": "35/200", "dnote_date": "21/02/2021", "material_description": 2, "quality_issue": "Flashes", "reason_for_rejection": 4, "delivery_quantity": "1500", "sampled_quantity": "25", "quantity_affected": "1", "acceptable_level": "1/7", "batches_sampled": "34", "mould": "3", "hod_comment": "Has to be returned", "image": "rts_pics/ClassicDetergentA2PosterFA7.jpg", "form_status": 2, "qao_comment": null, "resolution": 1}}, {"model": "forms.rtsform", "pk": 16, "fields": {"date_posted": "2021-12-21T06:10:13Z", "author": 1, "department": "2", "supplier": 1, "vehicle_number": "KAT 345 R", "dnote_number": "6457", "dnote_date": "21/11/2021", "material_description": 1, "quality_issue": "Flashes", "reason_for_rejection": 5, "delivery_quantity": "1500", "sampled_quantity": "58", "quantity_affected": "2", "acceptable_level": "3/125", "batches_sampled": "34", "mould": "R45", "hod_comment": "Not acceptable", "image": "rts_pics/ClassicDetergentA2PosterFA7_aGfysgy.jpg", "form_status": 2, "qao_comment": null, "resolution": 1}}, {"model": "forms.rtsform", "pk": 17, "fields": {"date_posted": "2021-12-22T09:41:29Z", "author": 1, "department": "2", "supplier": 1, "vehicle_number": "KAG543T", "dnote_number": "34/001", "dnote_date": "21/11/2021", "material_description": 2, "quality_issue": "Threads", "reason_for_rejection": 3, "delivery_quantity": "1000", "sampled_quantity": "100", "quantity_affected": "1", "acceptable_level": "1/5", "batches_sampled": "100", "mould": "1", "hod_comment": "Return to supplier", "image": "rts_pics/Rina_New_Look_83el2Tl.jpg", "form_status": 2, "qao_comment": null, "resolution": 1}}, {"model": "forms.rtsform", "pk": 18, "fields": {"date_posted": "2021-12-23T08:43:19Z", "author": 1, "department": "2", "supplier": 1, "vehicle_number": "KAT 345 R", "dnote_number": "45/345", "dnote_date": "21/12/2021", "material_description": 1, "quality_issue": "Flashes", "reason_for_rejection": 4, "delivery_quantity": "1500", "sampled_quantity": "100", "quantity_affected": "1", "acceptable_level": "1/5", "batches_sampled": "34", "mould": "43D", "hod_comment": "Return to supplier", "image": "rts_pics/Classic_Detergent_A2_Poster_FA_0N9A1ND.jpg", "form_status": 2, "qao_comment": null, "resolution": 1}}, {"model": "forms.rtsform", "pk": 19, "fields": {"date_posted": "2021-12-28T21:08:49Z", "author": 1, "department": "1", "supplier": 1, "vehicle_number": "KAG543T", "dnote_number": "35/780", "dnote_date": "21/02/2021", "material_description": 1, "quality_issue": "Flashes", "reason_for_rejection": 1, "delivery_quantity": "1500", "sampled_quantity": "100", "quantity_affected": "10", "acceptable_level": "1/5", "batches_sampled": "22/11N, 23/11D", "mould": "3", "hod_comment": "Confirmed defective", "image": "rts_pics/Rina_New_Look_7pIdsZk.jpg", "form_status": 2, "qao_comment": null, "resolution": 1}}, {"model": "forms.rtsform", "pk": 20, "fields": {"date_posted": "2021-12-29T09:25:44Z", "author": 1, "department": "2", "supplier": 4, "vehicle_number": "KAG543T", "dnote_number": "35/091", "dnote_date": "10/11/2021", "material_description": 3, "quality_issue": "Flashes", "reason_for_rejection": 4, "delivery_quantity": "1500", "sampled_quantity": "100", "quantity_affected": "5", "acceptable_level": "1/5", "batches_sampled": "22/11N, 23/11D", "mould": "3", "hod_comment": "Confirmed defective", "image": "rts_pics/Rina_New_Look_YFFMuHq.jpg", "form_status": 2, "qao_comment": null, "resolution": 1}}, {"model": "forms.rtsform", "pk": 21, "fields": {"date_posted": "2021-12-29T09:30:19Z", "author": 1, "department": "3", "supplier": 5, "vehicle_number": "KAT 001D", "dnote_number": "35/090", "dnote_date": "12/11/21", "material_description": 3, "quality_issue": "Threads", "reason_for_rejection": 6, "delivery_quantity": "1500", "sampled_quantity": "100", "quantity_affected": "10", "acceptable_level": "1/10", "batches_sampled": "100", "mould": "1", "hod_comment": "Confirmed defective", "image": "rts_pics/Rina_New_Look_ezpbrCy.jpg", "form_status": 2, "qao_comment": null, "resolution": 1}}, {"model": "forms.rtsform", "pk": 22, "fields": {"date_posted": "2021-12-29T09:34:32Z", "author": 1, "department": "2", "supplier": 3, "vehicle_number": "KAG543T", "dnote_number": "12/009", "dnote_date": "10/11/2021", "material_description": 2, "quality_issue": "Flashes", "reason_for_rejection": 1, "delivery_quantity": "1000", "sampled_quantity": "100", "quantity_affected": "1", "acceptable_level": "1/200", "batches_sampled": "100", "mould": "1", "hod_comment": "Confirmed defective", "image": "rts_pics/Rina_New_Look_nTnx52T.jpg", "form_status": 2, "qao_comment": null, "resolution": 1}}, {"model": "forms.rtsform", "pk": 23, "fields": {"date_posted": "2021-12-29T10:34:55Z", "author": 1, "department": "2", "supplier": 1, "vehicle_number": "KAG543T", "dnote_number": "34/001", "dnote_date": "10/11/2021", "material_description": 4, "quality_issue": "Flashes", "reason_for_rejection": 1, "delivery_quantity": "1500", "sampled_quantity": "100", "quantity_affected": "10", "acceptable_level": "1/5", "batches_sampled": "34", "mould": "3", "hod_comment": "Confirmed defective", "image": "rts_pics/Rina_New_Look_3b5Ub90.jpg", "form_status": 2, "qao_comment": null, "resolution": 1}}, {"model": "forms.rtsform", "pk": 24, "fields": {"date_posted": "2021-12-29T11:26:14Z", "author": 1, "department": "2", "supplier": 1, "vehicle_number": "KAG543T", "dnote_number": "34/001", "dnote_date": "12/11/21", "material_description": 1, "quality_issue": "Flashes", "reason_for_rejection": 2, "delivery_quantity": "2000", "sampled_quantity": "10", "quantity_affected": "10", "acceptable_level": "3/125", "batches_sampled": "F456", "mould": "R45", "hod_comment": "Confirmed defective", "image": "rts_pics/Rina_New_Look_VPlIC5i.jpg", "form_status": 2, "qao_comment": null, "resolution": 1}}, {"model": "forms.rtsform", "pk": 25, "fields": {"date_posted": "2021-12-29T11:29:21Z", "author": 1, "department": "1", "supplier": 1, "vehicle_number": "KAT 345 R", "dnote_number": "2300", "dnote_date": "10/11/2021", "material_description": 2, "quality_issue": "Presence of dust particles", "reason_for_rejection": 4, "delivery_quantity": "2000", "sampled_quantity": "100", "quantity_affected": "5", "acceptable_level": "3/125", "batches_sampled": "22/11N, 23/11D", "mould": "R33", "hod_comment": "Not acceptable", "image": "rts_pics/Rina_New_Look_QxiczoO.jpg", "form_status": 6, "qao_comment": "I agree, should be returned", "resolution": 1}}, {"model": "forms.rtsform", "pk": 26, "fields": {"date_posted": "2021-12-29T11:34:43Z", "author": 1, "department": "2", "supplier": 2, "vehicle_number": "KAG543T", "dnote_number": "35/780", "dnote_date": "01/10/2021", "material_description": 2, "quality_issue": "Threads", "reason_for_rejection": 2, "delivery_quantity": "546", "sampled_quantity": "10", "quantity_affected": "10", "acceptable_level": "1/7", "batches_sampled": "100", "mould": "R35", "hod_comment": "Not acceptable", "image": "rts_pics/Rina_New_Look_2ZDcRnN.jpg", "form_status": 6, "qao_comment": "I agree, should be returned", "resolution": 1}}, {"model": "forms.rtsform", "pk": 27, "fields": {"date_posted": "2021-12-29T11:36:26Z", "author": 1, "department": "2", "supplier": 2, "vehicle_number": "KAT 001D", "dnote_number": "35/780", "dnote_date": "21/11/2021", "material_description": 2, "quality_issue": "Presence of dust particles", "reason_for_rejection": 3, "delivery_quantity": "2000", "sampled_quantity": "100", "quantity_affected": "2", "acceptable_level": "1/7", "batches_sampled": "100", "mould": "R300", "hod_comment": "Not acceptable", "image": "rts_pics/Rina_New_Look_RqjNVST.jpg", "form_status": 6, "qao_comment": "I agree, should be returned", "resolution": 1}}, {"model": "forms.rtsform", "pk": 28, "fields": {"date_posted": "2021-12-29T11:39:04Z", "author": 1, "department": "2", "supplier": 2, "vehicle_number": "KAG543T", "dnote_number": "45/345", "dnote_date": "21/02/2021", "material_description": 3, "quality_issue": "Presence of dust particles", "reason_for_rejection": 4, "delivery_quantity": "1000", "sampled_quantity": "10", "quantity_affected": "2", "acceptable_level": "1/7", "batches_sampled": "100", "mould": "R300", "hod_comment": "Return to supplier", "image": "rts_pics/Classic_Detergent_A2_Poster_FA_qIta3ie.jpg", "form_status": 3, "qao_comment": null, "resolution": 1}}, {"model": "forms.rtsform", "pk": 29, "fields": {"date_posted": "2021-12-20T11:05:19Z", "author": 1, "department": "1", "supplier": 1, "vehicle_number": "KAT 009 W", "dnote_number": "3/5001", "dnote_date": "21/09/2019", "material_description": 1, "quality_issue": "Flashes", "reason_for_rejection": 4, "delivery_quantity": "1000", "sampled_quantity": "50", "quantity_affected": "5", "acceptable_level": "1/4", "batches_sampled": "34,46", "mould": "R450", "hod_comment": "Confirmed defective", "image": "rts_pics/Rina_New_Look_l55v3oA.jpg", "form_status": 3, "qao_comment": null, "resolution": 1}}, {"model": "forms.rtsform", "pk": 30, "fields": {"date_posted": "2022-01-14T11:47:31Z", "author": 1, "department": "1", "supplier": 2, "vehicle_number": "KAG543T", "dnote_number": "34/001", "dnote_date": "21/12/2021", "material_description": 1, "quality_issue": "Presence of dust particles", "reason_for_rejection": 1, "delivery_quantity": "1500", "sampled_quantity": "100", "quantity_affected": "2", "acceptable_level": "1/5", "batches_sampled": "100", "mould": "R300", "hod_comment": "Confirmed defective", "image": "rts_pics/Rina_New_Look_v5dnzrp.jpg", "form_status": 4, "qao_comment": "I agree, should be returned", "resolution": 1}}, {"model": "forms.rtsform", "pk": 31, "fields": {"date_posted": "2022-01-14T11:53:28Z", "author": 1, "department": "2", "supplier": 2, "vehicle_number": "KAG543T", "dnote_number": "34/001", "dnote_date": "21/12/2021", "material_description": 1, "quality_issue": "Presence of dust particles", "reason_for_rejection": 1, "delivery_quantity": "1000", "sampled_quantity": "100", "quantity_affected": "3", "acceptable_level": "1/7", "batches_sampled": "4,5,6", "mould": "R300", "hod_comment": null, "image": "", "form_status": 2, "qao_comment": null, "resolution": 1}}, {"model": "forms.rtsform", "pk": 32, "fields": {"date_posted": "2022-01-15T07:43:18Z", "author": 1, "department": "1", "supplier": 1, "vehicle_number": "KAG543T", "dnote_number": "34/001", "dnote_date": "10/11/2021", "material_description": 1, "quality_issue": "Presence of dust particles", "reason_for_rejection": 2, "delivery_quantity": "1000", "sampled_quantity": "100", "quantity_affected": "10", "acceptable_level": "2/10", "batches_sampled": "22/11N, 23/11D", "mould": "R300", "hod_comment": "Confirmed defective", "image": "rts_pics/Rina_New_Look_mvIX8yb.jpg", "form_status": 6, "qao_comment": "I agree, should be returned", "resolution": 1}}, {"model": "forms.rtsform", "pk": 33, "fields": {"date_posted": "2022-01-15T08:42:53Z", "author": 1, "department": "1", "supplier": 1, "vehicle_number": "KAT 001D", "dnote_number": "45/345", "dnote_date": "10/11/2021", "material_description": 1, "quality_issue": "Particles", "reason_for_rejection": 4, "delivery_quantity": "1000", "sampled_quantity": "100", "quantity_affected": "10", "acceptable_level": "1/5", "batches_sampled": "5", "mould": "3", "hod_comment": "Return to supplier", "image": "rts_pics/Rina_New_Look_ZmZQsOT.jpg", "form_status": 6, "qao_comment": "I agree, should be returned", "resolution": 1}}, {"model": "forms.rtsform", "pk": 34, "fields": {"date_posted": "2022-01-18T09:27:50Z", "author": 1, "department": "2", "supplier": 1, "vehicle_number": "KAG543T", "dnote_number": "34/001", "dnote_date": "10/11/2021", "material_description": 2, "quality_issue": "Presence of dust particles", "reason_for_rejection": 4, "delivery_quantity": "1500", "sampled_quantity": "20", "quantity_affected": "10", "acceptable_level": "1/5", "batches_sampled": "34", "mould": "R300", "hod_comment": "Confirmed defective", "image": "rts_pics/Rina_New_Look_lGu1Qzg.jpg", "form_status": 6, "qao_comment": "I agree, should be returned", "resolution": 1}}, {"model": "forms.rtsform", "pk": 35, "fields": {"date_posted": "2022-01-18T10:26:03Z", "author": 1, "department": "2", "supplier": 1, "vehicle_number": "KAG543T", "dnote_number": "34/001", "dnote_date": "21/12/2021", "material_description": 1, "quality_issue": "Presence of dust particles", "reason_for_rejection": 4, "delivery_quantity": "1000", "sampled_quantity": "100", "quantity_affected": "10", "acceptable_level": "1/10", "batches_sampled": "22/11N, 23/11D", "mould": "R300", "hod_comment": "Confirmed defective", "image": "rts_pics/Rina_New_Look_NDhA3p8.jpg", "form_status": 6, "qao_comment": "I agree, should be returned", "resolution": 1}}, {"model": "forms.rtsform", "pk": 36, "fields": {"date_posted": "2022-01-18T19:51:36Z", "author": 5, "department": "2", "supplier": 1, "vehicle_number": "KAG543T", "dnote_number": "35/780", "dnote_date": "21/12/2021", "material_description": 1, "quality_issue": "Presence of dust particles", "reason_for_rejection": 4, "delivery_quantity": "1500", "sampled_quantity": "100", "quantity_affected": "10", "acceptable_level": "3/125", "batches_sampled": "22/11N, 23/11D", "mould": "R300", "hod_comment": "Confirmed defective", "image": "rts_pics/Rina_New_Look_h4x00Ku.jpg", "form_status": 6, "qao_comment": "I agree, should be returned", "resolution": 1}}, {"model": "forms.rtsform", "pk": 37, "fields": {"date_posted": "2022-01-19T12:21:34Z", "author": 1, "department": "1", "supplier": 1, "vehicle_number": "KAT 345 R", "dnote_number": "35/780", "dnote_date": "21/12/2021", "material_description": 1, "quality_issue": "Presence of dust particles", "reason_for_rejection": 4, "delivery_quantity": "1500", "sampled_quantity": "100", "quantity_affected": "10", "acceptable_level": "1/5", "batches_sampled": "22/11N, 23/11D", "mould": "R300", "hod_comment": "Confirmed defective", "image": "rts_pics/Rina_New_Look_cnJWstS.jpg", "form_status": 6, "qao_comment": "I agree, should be returned", "resolution": 1}}, {"model": "forms.rtsform", "pk": 38, "fields": {"date_posted": "2022-01-21T07:54:24Z", "author": 1, "department": "1", "supplier": 1, "vehicle_number": "KAT 345 R", "dnote_number": "35/780", "dnote_date": "21/12/2021", "material_description": 1, "quality_issue": "Presence of dust particles", "reason_for_rejection": 2, "delivery_quantity": "1000", "sampled_quantity": "100", "quantity_affected": "10", "acceptable_level": "1/7", "batches_sampled": "100", "mould": "R300", "hod_comment": "Not acceptable", "image": "rts_pics/Rina_New_Look_C49EcPV.jpg", "form_status": 2, "qao_comment": null, "resolution": 1}}, {"model": "forms.rtsform", "pk": 39, "fields": {"date_posted": "2022-01-21T09:18:01Z", "author": 1, "department": "1", "supplier": 1, "vehicle_number": "KAG543T", "dnote_number": "34/001", "dnote_date": "21/12/2021", "material_description": 2, "quality_issue": "Flashes", "reason_for_rejection": 1, "delivery_quantity": "1000", "sampled_quantity": "100", "quantity_affected": "10", "acceptable_level": "3/125", "batches_sampled": "100", "mould": "R300", "hod_comment": "Confirmed defective", "image": "rts_pics/Rina_New_Look_j26Thwm.jpg", "form_status": 2, "qao_comment": null, "resolution": 1}}, {"model": "forms.rtsform", "pk": 40, "fields": {"date_posted": "2022-01-21T09:24:27Z", "author": 1, "department": "1", "supplier": 1, "vehicle_number": "KAG543T", "dnote_number": "34/001", "dnote_date": "21/12/2021", "material_description": 1, "quality_issue": "Presence of dust particles", "reason_for_rejection": 2, "delivery_quantity": "1000", "sampled_quantity": "10", "quantity_affected": "10", "acceptable_level": "1/5", "batches_sampled": "22/11N, 23/11D", "mould": "R300", "hod_comment": "Has to be returned", "image": "rts_pics/Rina_New_Look_SOrODh4.jpg", "form_status": 2, "qao_comment": null, "resolution": 1}}, {"model": "forms.rtsform", "pk": 41, "fields": {"date_posted": "2022-01-21T09:30:27Z", "author": 1, "department": "1", "supplier": 1, "vehicle_number": "KAG543T", "dnote_number": "34/001", "dnote_date": "21/12/2021", "material_description": 1, "quality_issue": "Presence of dust particles", "reason_for_rejection": 4, "delivery_quantity": "1000", "sampled_quantity": "10", "quantity_affected": "1", "acceptable_level": "1/5", "batches_sampled": "22/11N, 23/11D", "mould": "R300", "hod_comment": "Confirmed defective", "image": "rts_pics/Rina_New_Look_AjXtjPg.jpg", "form_status": 2, "qao_comment": null, "resolution": 1}}, {"model": "forms.rtsform", "pk": 42, "fields": {"date_posted": "2022-01-21T09:31:30Z", "author": 1, "department": "1", "supplier": 1, "vehicle_number": "KAT 345 R", "dnote_number": "34/001", "dnote_date": "10/11/2021", "material_description": 1, "quality_issue": "Presence of dust particles", "reason_for_rejection": 1, "delivery_quantity": "1000", "sampled_quantity": "100", "quantity_affected": "10", "acceptable_level": "1/5", "batches_sampled": "22/11N, 23/11D", "mould": "R300", "hod_comment": "Not acceptable", "image": "rts_pics/Rina_New_Look_4W3xcmM.jpg", "form_status": 2, "qao_comment": null, "resolution": 1}}, {"model": "forms.rtsform", "pk": 43, "fields": {"date_posted": "2022-01-21T09:46:40Z", "author": 1, "department": "1", "supplier": 1, "vehicle_number": "KAG543T", "dnote_number": "34/001", "dnote_date": "21/12/2021", "material_description": 1, "quality_issue": "Presence of dust particles", "reason_for_rejection": 4, "delivery_quantity": "1000", "sampled_quantity": "50", "quantity_affected": "10", "acceptable_level": "1/5", "batches_sampled": "22/11N, 23/11D", "mould": "R300", "hod_comment": "Not acceptable", "image": "rts_pics/Rina_New_Look_mCyEIis.jpg", "form_status": 2, "qao_comment": null, "resolution": 1}}, {"model": "forms.rtsform", "pk": 44, "fields": {"date_posted": "2022-01-21T11:42:08Z", "author": 1, "department": "1", "supplier": 1, "vehicle_number": "KAG543T", "dnote_number": "34/001", "dnote_date": "21/12/2021", "material_description": 2, "quality_issue": "Presence of dust particles", "reason_for_rejection": 4, "delivery_quantity": "1500", "sampled_quantity": "10", "quantity_affected": "10", "acceptable_level": "1/7", "batches_sampled": "34", "mould": "R300", "hod_comment": "Not acceptable", "image": "rts_pics/Rina_New_Look_D3fYfUA.jpg", "form_status": 2, "qao_comment": null, "resolution": 1}}, {"model": "forms.rtsform", "pk": 45, "fields": {"date_posted": "2022-01-21T11:46:51Z", "author": 1, "department": "1", "supplier": 1, "vehicle_number": "KAG543T", "dnote_number": "34/001", "dnote_date": "21/12/2021", "material_description": 1, "quality_issue": "Presence of dust particles", "reason_for_rejection": 4, "delivery_quantity": "1000", "sampled_quantity": "100", "quantity_affected": "5", "acceptable_level": "1/7", "batches_sampled": "100", "mould": "R300", "hod_comment": "Confirmed defective", "image": "rts_pics/Rina_New_Look_nMoD0bh.jpg", "form_status": 2, "qao_comment": null, "resolution": 1}}, {"model": "forms.rtsform", "pk": 46, "fields": {"date_posted": "2022-01-21T11:55:10Z", "author": 1, "department": "2", "supplier": 1, "vehicle_number": "KAG543T", "dnote_number": "35/780", "dnote_date": "21/12/2021", "material_description": 2, "quality_issue": "Presence of dust particles", "reason_for_rejection": 4, "delivery_quantity": "1000", "sampled_quantity": "10", "quantity_affected": "2", "acceptable_level": "1/7", "batches_sampled": "100", "mould": "R300", "hod_comment": null, "image": "", "form_status": 0, "qao_comment": null, "resolution": 1}}, {"model": "forms.rtsform", "pk": 47, "fields": {"date_posted": "2022-01-24T10:57:38Z", "author": 1, "department": "4", "supplier": 1, "vehicle_number": "KAG543T", "dnote_number": "34/001", "dnote_date": "21/12/2021", "material_description": 1, "quality_issue": "Presence of dust particles", "reason_for_rejection": 4, "delivery_quantity": "1000", "sampled_quantity": "10", "quantity_affected": "10", "acceptable_level": "1/7", "batches_sampled": "100", "mould": "R300", "hod_comment": null, "image": "", "form_status": 0, "qao_comment": null, "resolution": 1}}, {"model": "forms.rtsform", "pk": 48, "fields": {"date_posted": "2022-01-24T19:15:33.076Z", "author": 1, "department": "Warehouse", "supplier": 1, "vehicle_number": "KAG543T", "dnote_number": "34/001", "dnote_date": "21/12/2021", "material_description": 1, "quality_issue": "Presence of dust particles", "reason_for_rejection": 4, "delivery_quantity": "1000", "sampled_quantity": "100", "quantity_affected": "10", "acceptable_level": "1/7", "batches_sampled": "100", "mould": "R300", "hod_comment": "Confirmed defective", "image": "rts_pics/Rina_New_Look_4fsFxWC.jpg", "form_status": 2, "qao_comment": null, "resolution": 1}}, {"model": "forms.rtsform", "pk": 49, "fields": {"date_posted": "2022-01-24T19:19:12.831Z", "author": 3, "department": "Warehouse", "supplier": 1, "vehicle_number": "KAG543T", "dnote_number": "34/001", "dnote_date": "21/12/2021", "material_description": 1, "quality_issue": "Presence of dust particles", "reason_for_rejection": 4, "delivery_quantity": "1000", "sampled_quantity": "100", "quantity_affected": "10", "acceptable_level": "1/5", "batches_sampled": "100", "mould": "R300", "hod_comment": null, "image": "", "form_status": 0, "qao_comment": null, "resolution": 1}}, {"model": "forms.rtsform", "pk": 50, "fields": {"date_posted": "2022-01-24T19:26:53.397Z", "author": 4, "department": "Refinery", "supplier": 1, "vehicle_number": "KAG543T", "dnote_number": "34/001", "dnote_date": "21/12/2021", "material_description": 1, "quality_issue": "Presence of dust particles", "reason_for_rejection": 4, "delivery_quantity": "1000", "sampled_quantity": "100", "quantity_affected": "10", "acceptable_level": "1/7", "batches_sampled": "100", "mould": "R300", "hod_comment": "Confirmed defective", "image": "rts_pics/Rina_New_Look_wENkWzd.jpg", "form_status": 2, "qao_comment": null, "resolution": 1}}, {"model": "forms.rtsform", "pk": 51, "fields": {"date_posted": "2022-01-24T19:33:41.479Z", "author": 4, "department": "Refinery", "supplier": 1, "vehicle_number": "KAG543T", "dnote_number": "34/001", "dnote_date": "21/12/2021", "material_description": 1, "quality_issue": "Presence of dust particles", "reason_for_rejection": 4, "delivery_quantity": "1000", "sampled_quantity": "100", "quantity_affected": "2", "acceptable_level": "1/5", "batches_sampled": "100", "mould": "R300", "hod_comment": "Confirmed defective", "image": "rts_pics/Rina_New_Look_WwR6Ebo.jpg", "form_status": 2, "qao_comment": null, "resolution": 1}}, {"model": "forms.rtsform", "pk": 52, "fields": {"date_posted": "2022-01-25T11:47:07.829Z", "author": 7, "department": "Warehouse", "supplier": 3, "vehicle_number": "KBJ 318E", "dnote_number": "123456", "dnote_date": "25/01/2022", "material_description": 5, "quality_issue": "Leaking holes under the handle", "reason_for_rejection": 1, "delivery_quantity": "1800", "sampled_quantity": "50", "quantity_affected": "10", "acceptable_level": "3/125", "batches_sampled": "21/01/22N , 20/01/22D", "mould": "V-2", "hod_comment": "See attached photo. A sample has also  been dispatched to your office.", "image": "rts_pics/10-20ltr_jars.jpg", "form_status": 2, "qao_comment": null, "resolution": 1}}, {"model": "forms.rtsform", "pk": 53, "fields": {"date_posted": "2022-01-25T12:04:49.436Z", "author": 7, "department": "Warehouse", "supplier": 1, "vehicle_number": "KCD 848E", "dnote_number": "236504", "dnote_date": "25/01/2022", "material_description": 5, "quality_issue": "Underweights; raging from 470-480gms", "reason_for_rejection": 6, "delivery_quantity": "1020", "sampled_quantity": "60", "quantity_affected": "8", "acceptable_level": "2/80", "batches_sampled": "19/01/22D, 20/01/22N", "mould": "V-1", "hod_comment": null, "image": "", "form_status": -1, "qao_comment": null, "resolution": 1}}, {"model": "forms.rtsform", "pk": 54, "fields": {"date_posted": "2022-01-25T12:10:51.780Z", "author": 7, "department": "Warehouse", "supplier": 1, "vehicle_number": "KCD 848E", "dnote_number": "12345625", "dnote_date": "25/01/2022", "material_description": 5, "quality_issue": "Underweights raging from 470-480gms", "reason_for_rejection": 6, "delivery_quantity": "1080", "sampled_quantity": "60", "quantity_affected": "8", "acceptable_level": "2/80", "batches_sampled": "19/01/22D, 20/01/22N", "mould": "V-1", "hod_comment": null, "image": "", "form_status": 0, "qao_comment": null, "resolution": 1}}, {"model": "forms.rtsform", "pk": 55, "fields": {"date_posted": "2022-02-03T08:40:50.475Z", "author": 1, "department": "Warehouse", "supplier": 1, "vehicle_number": "KAG543T", "dnote_number": "34/001", "dnote_date": "21/12/2021", "material_description": 1, "quality_issue": "Presence of dust particles", "reason_for_rejection": 4, "delivery_quantity": "1000", "sampled_quantity": "100", "quantity_affected": "2", "acceptable_level": "1/10", "batches_sampled": "22/11N, 23/11D", "mould": "R300", "hod_comment": "We can consider rejecting the affected quantities", "image": "default.jpg", "form_status": 6, "qao_comment": "We recomend rejection of the affected pieces", "resolution": 1}}, {"model": "forms.rtsform", "pk": 56, "fields": {"date_posted": "2022-02-03T09:00:35.084Z", "author": 1, "department": "Warehouse", "supplier": 1, "vehicle_number": "KAT 345 R", "dnote_number": "34/001", "dnote_date": "10/11/2021", "material_description": 1, "quality_issue": "Presence of dust particles", "reason_for_rejection": 4, "delivery_quantity": "1000", "sampled_quantity": "100", "quantity_affected": "10", "acceptable_level": "1/7", "batches_sampled": "100", "mould": "R300", "hod_comment": null, "image": "rts_pics/Rina_Veg_1ltr_GOK_PET_Bottle.jpg", "form_status": 4, "qao_comment": "Reject", "resolution": 1}}, {"model": "forms.rtsform", "pk": 57, "fields": {"date_posted": "2022-02-04T12:57:17.190Z", "author": 1, "department": "Warehouse", "supplier": 1, "vehicle_number": "KAG543T", "dnote_number": "34/001", "dnote_date": "21/12/2021", "material_description": 1, "quality_issue": "Presence of dust particles", "reason_for_rejection": 1, "delivery_quantity": "1000", "sampled_quantity": "100", "quantity_affected": "10", "acceptable_level": "1/7", "batches_sampled": "22/11N, 23/11D", "mould": "R300", "hod_comment": null, "image": "default.jpg", "form_status": -1, "qao_comment": null, "resolution": null}}, {"model": "admin.logentry", "pk": 1, "fields": {"action_time": "2021-11-30T11:55:02.456Z", "user": 1, "content_type": 14, "object_id": "1", "object_repr": "Baking", "action_flag": 1, "change_message": "[{\"added\": {}}]"}}, {"model": "admin.logentry", "pk": 2, "fields": {"action_time": "2021-11-30T11:55:06.253Z", "user": 1, "content_type": 14, "object_id": "2", "object_repr": "Refinery", "action_flag": 1, "change_message": "[{\"added\": {}}]"}}, {"model": "admin.logentry", "pk": 3, "fields": {"action_time": "2021-11-30T11:55:10.966Z", "user": 1, "content_type": 14, "object_id": "3", "object_repr": "Tissue", "action_flag": 1, "change_message": "[{\"added\": {}}]"}}, {"model": "admin.logentry", "pk": 4, "fields": {"action_time": "2021-11-30T11:55:37.121Z", "user": 1, "content_type": 16, "object_id": "1", "object_repr": "Postman Vegetable Oil 1 Litre Label", "action_flag": 1, "change_message": "[{\"added\": {}}]"}}, {"model": "admin.logentry", "pk": 5, "fields": {"action_time": "2021-11-30T12:01:40.147Z", "user": 1, "content_type": 16, "object_id": "2", "object_repr": "Rhapso vegetable Oil 500 ml label", "action_flag": 1, "change_message": "[{\"added\": {}}]"}}, {"model": "admin.logentry", "pk": 6, "fields": {"action_time": "2021-11-30T12:03:00.327Z", "user": 1, "content_type": 16, "object_id": "3", "object_repr": "Adhesive Tape 50mm * 1000mts(T/120/50)", "action_flag": 1, "change_message": "[{\"added\": {}}]"}}, {"model": "admin.logentry", "pk": 7, "fields": {"action_time": "2021-11-30T12:04:31.612Z", "user": 1, "content_type": 16, "object_id": "4", "object_repr": "Captain Cook 10Ltr Label", "action_flag": 1, "change_message": "[{\"added\": {}}]"}}, {"model": "admin.logentry", "pk": 8, "fields": {"action_time": "2021-11-30T12:05:25.696Z", "user": 1, "content_type": 15, "object_id": "1", "object_repr": "ASHUT ENGINEERS LTD", "action_flag": 1, "change_message": "[{\"added\": {}}]"}}, {"model": "admin.logentry", "pk": 9, "fields": {"action_time": "2021-11-30T12:05:37.729Z", "user": 1, "content_type": 15, "object_id": "2", "object_repr": "ASL LTD - CHEMICAL DIVISION", "action_flag": 1, "change_message": "[{\"added\": {}}]"}}, {"model": "admin.logentry", "pk": 10, "fields": {"action_time": "2021-11-30T12:05:49.026Z", "user": 1, "content_type": 15, "object_id": "3", "object_repr": "BLOWPLAST LTD", "action_flag": 1, "change_message": "[{\"added\": {}}]"}}, {"model": "admin.logentry", "pk": 11, "fields": {"action_time": "2021-11-30T12:05:58.153Z", "user": 1, "content_type": 15, "object_id": "4", "object_repr": "FORTUNA INDUSTRIES LTD", "action_flag": 1, "change_message": "[{\"added\": {}}]"}}, {"model": "admin.logentry", "pk": 12, "fields": {"action_time": "2021-11-30T12:06:08.283Z", "user": 1, "content_type": 15, "object_id": "5", "object_repr": "ASL LTD - CHEMICAL DIVISION", "action_flag": 1, "change_message": "[{\"added\": {}}]"}}, {"model": "admin.logentry", "pk": 13, "fields": {"action_time": "2021-11-30T12:18:31.958Z", "user": 1, "content_type": 17, "object_id": "1", "object_repr": "Leaking holes", "action_flag": 1, "change_message": "[{\"added\": {}}]"}}, {"model": "admin.logentry", "pk": 14, "fields": {"action_time": "2021-11-30T12:18:50.941Z", "user": 1, "content_type": 17, "object_id": "2", "object_repr": "Poor mouth trimming/deformity", "action_flag": 1, "change_message": "[{\"added\": {}}]"}}, {"model": "admin.logentry", "pk": 15, "fields": {"action_time": "2021-11-30T12:19:09.536Z", "user": 1, "content_type": 17, "object_id": "3", "object_repr": "Poor labelling/ poor printing", "action_flag": 1, "change_message": "[{\"added\": {}}]"}}, {"model": "admin.logentry", "pk": 16, "fields": {"action_time": "2021-11-30T12:19:21.901Z", "user": 1, "content_type": 17, "object_id": "4", "object_repr": "Visible impurities", "action_flag": 1, "change_message": "[{\"added\": {}}]"}}, {"model": "admin.logentry", "pk": 17, "fields": {"action_time": "2021-11-30T12:19:30.037Z", "user": 1, "content_type": 17, "object_id": "5", "object_repr": "Overweights", "action_flag": 1, "change_message": "[{\"added\": {}}]"}}, {"model": "admin.logentry", "pk": 18, "fields": {"action_time": "2021-11-30T12:19:38.904Z", "user": 1, "content_type": 17, "object_id": "6", "object_repr": "Underweights", "action_flag": 1, "change_message": "[{\"added\": {}}]"}}, {"model": "admin.logentry", "pk": 19, "fields": {"action_time": "2021-12-06T06:12:17.987Z", "user": 1, "content_type": 10, "object_id": "1", "object_repr": "7thTrack", "action_flag": 1, "change_message": "[{\"added\": {}}]"}}, {"model": "admin.logentry", "pk": 20, "fields": {"action_time": "2021-12-06T06:12:32.931Z", "user": 1, "content_type": 9, "object_id": "1", "object_repr": "Dan", "action_flag": 1, "change_message": "[{\"added\": {}}]"}}, {"model": "admin.logentry", "pk": 21, "fields": {"action_time": "2021-12-19T19:13:32.115Z", "user": 1, "content_type": 4, "object_id": "1", "object_repr": "Kibet", "action_flag": 2, "change_message": "[{\"changed\": {\"fields\": [\"first_name\", \"last_name\", \"user_permissions\"]}}]"}}, {"model": "admin.logentry", "pk": 22, "fields": {"action_time": "2021-12-19T19:15:09.113Z", "user": 1, "content_type": 4, "object_id": "2", "object_repr": "Skipper", "action_flag": 1, "change_message": "[{\"added\": {}}]"}}, {"model": "admin.logentry", "pk": 23, "fields": {"action_time": "2021-12-19T19:15:56.456Z", "user": 1, "content_type": 4, "object_id": "3", "object_repr": "Kowalski", "action_flag": 1, "change_message": "[{\"added\": {}}]"}}, {"model": "admin.logentry", "pk": 24, "fields": {"action_time": "2021-12-19T19:16:37.180Z", "user": 1, "content_type": 4, "object_id": "4", "object_repr": "Rico", "action_flag": 1, "change_message": "[{\"added\": {}}]"}}, {"model": "admin.logentry", "pk": 25, "fields": {"action_time": "2021-12-19T19:17:04.261Z", "user": 1, "content_type": 4, "object_id": "5", "object_repr": "Private", "action_flag": 1, "change_message": "[{\"added\": {}}]"}}, {"model": "admin.logentry", "pk": 26, "fields": {"action_time": "2021-12-19T19:25:31.963Z", "user": 1, "content_type": 8, "object_id": "4", "object_repr": "Rico Profile", "action_flag": 2, "change_message": "[{\"changed\": {\"fields\": [\"level\"]}}]"}}, {"model": "admin.logentry", "pk": 27, "fields": {"action_time": "2021-12-19T19:25:59.518Z", "user": 1, "content_type": 8, "object_id": "3", "object_repr": "Kowalski Profile", "action_flag": 2, "change_message": "[{\"changed\": {\"fields\": [\"level\"]}}]"}}, {"model": "admin.logentry", "pk": 28, "fields": {"action_time": "2021-12-19T19:26:18.441Z", "user": 1, "content_type": 8, "object_id": "2", "object_repr": "Skipper Profile", "action_flag": 2, "change_message": "[{\"changed\": {\"fields\": [\"level\"]}}]"}}, {"model": "admin.logentry", "pk": 29, "fields": {"action_time": "2021-12-19T19:26:29.759Z", "user": 1, "content_type": 8, "object_id": "1", "object_repr": "Kibet Profile", "action_flag": 2, "change_message": "[{\"changed\": {\"fields\": [\"level\"]}}]"}}, {"model": "admin.logentry", "pk": 30, "fields": {"action_time": "2022-01-20T09:23:19.027Z", "user": 1, "content_type": 4, "object_id": "3", "object_repr": "Kowalski", "action_flag": 2, "change_message": "[{\"changed\": {\"fields\": [\"first_name\", \"email\"]}}]"}}, {"model": "admin.logentry", "pk": 31, "fields": {"action_time": "2022-01-20T10:25:56.824Z", "user": 1, "content_type": 14, "object_id": "3", "object_repr": "Tissue", "action_flag": 2, "change_message": "[]"}}, {"model": "admin.logentry", "pk": 32, "fields": {"action_time": "2022-01-20T10:26:04.629Z", "user": 1, "content_type": 14, "object_id": "4", "object_repr": "Test", "action_flag": 1, "change_message": "[{\"added\": {}}]"}}, {"model": "admin.logentry", "pk": 33, "fields": {"action_time": "2022-01-20T10:26:33.920Z", "user": 1, "content_type": 14, "object_id": "4", "object_repr": "Warehouse", "action_flag": 2, "change_message": "[{\"changed\": {\"fields\": [\"name\"]}}]"}}, {"model": "admin.logentry", "pk": 34, "fields": {"action_time": "2022-01-20T11:30:05.311Z", "user": 1, "content_type": 14, "object_id": "4", "object_repr": "Warehouse", "action_flag": 2, "change_message": "[]"}}, {"model": "admin.logentry", "pk": 35, "fields": {"action_time": "2022-01-20T11:40:21.469Z", "user": 1, "content_type": 8, "object_id": "5", "object_repr": "Private Profile", "action_flag": 2, "change_message": "[]"}}, {"model": "admin.logentry", "pk": 36, "fields": {"action_time": "2022-01-20T11:40:26.433Z", "user": 1, "content_type": 8, "object_id": "4", "object_repr": "Rico Profile", "action_flag": 2, "change_message": "[]"}}, {"model": "admin.logentry", "pk": 37, "fields": {"action_time": "2022-01-20T11:40:29.976Z", "user": 1, "content_type": 8, "object_id": "3", "object_repr": "Kowalski Profile", "action_flag": 2, "change_message": "[]"}}, {"model": "admin.logentry", "pk": 38, "fields": {"action_time": "2022-01-20T11:40:37.761Z", "user": 1, "content_type": 8, "object_id": "1", "object_repr": "Kibet Profile", "action_flag": 2, "change_message": "[]"}}, {"model": "admin.logentry", "pk": 39, "fields": {"action_time": "2022-01-20T11:41:10.648Z", "user": 1, "content_type": 8, "object_id": "1", "object_repr": "Kibet Profile", "action_flag": 2, "change_message": "[{\"changed\": {\"fields\": [\"department\"]}}]"}}, {"model": "admin.logentry", "pk": 40, "fields": {"action_time": "2022-01-20T11:41:15.314Z", "user": 1, "content_type": 8, "object_id": "1", "object_repr": "Kibet Profile", "action_flag": 2, "change_message": "[]"}}, {"model": "admin.logentry", "pk": 41, "fields": {"action_time": "2022-01-20T11:42:07.134Z", "user": 1, "content_type": 8, "object_id": "2", "object_repr": "Skipper Profile", "action_flag": 2, "change_message": "[{\"changed\": {\"fields\": [\"department\"]}}]"}}, {"model": "admin.logentry", "pk": 42, "fields": {"action_time": "2022-01-20T11:42:16.143Z", "user": 1, "content_type": 8, "object_id": "5", "object_repr": "Private Profile", "action_flag": 2, "change_message": "[{\"changed\": {\"fields\": [\"department\"]}}]"}}, {"model": "admin.logentry", "pk": 43, "fields": {"action_time": "2022-01-20T11:42:25.430Z", "user": 1, "content_type": 8, "object_id": "3", "object_repr": "Kowalski Profile", "action_flag": 2, "change_message": "[{\"changed\": {\"fields\": [\"department\"]}}]"}}, {"model": "admin.logentry", "pk": 44, "fields": {"action_time": "2022-01-20T11:42:29.451Z", "user": 1, "content_type": 8, "object_id": "2", "object_repr": "Skipper Profile", "action_flag": 2, "change_message": "[]"}}, {"model": "admin.logentry", "pk": 45, "fields": {"action_time": "2022-01-20T11:42:39.188Z", "user": 1, "content_type": 8, "object_id": "1", "object_repr": "Kibet Profile", "action_flag": 2, "change_message": "[{\"changed\": {\"fields\": [\"department\"]}}]"}}, {"model": "admin.logentry", "pk": 46, "fields": {"action_time": "2022-01-20T11:43:11.072Z", "user": 1, "content_type": 4, "object_id": "5", "object_repr": "Private", "action_flag": 2, "change_message": "[{\"changed\": {\"fields\": [\"email\"]}}]"}}, {"model": "admin.logentry", "pk": 47, "fields": {"action_time": "2022-01-20T11:43:21.839Z", "user": 1, "content_type": 4, "object_id": "4", "object_repr": "Rico", "action_flag": 2, "change_message": "[{\"changed\": {\"fields\": [\"email\"]}}]"}}, {"model": "admin.logentry", "pk": 48, "fields": {"action_time": "2022-01-20T11:43:33.025Z", "user": 1, "content_type": 4, "object_id": "2", "object_repr": "Skipper", "action_flag": 2, "change_message": "[{\"changed\": {\"fields\": [\"email\"]}}]"}}, {"model": "admin.logentry", "pk": 49, "fields": {"action_time": "2022-01-21T13:04:37.651Z", "user": 1, "content_type": 8, "object_id": "1", "object_repr": "Kibet Profile", "action_flag": 2, "change_message": "[{\"changed\": {\"fields\": [\"level\"]}}]"}}, {"model": "admin.logentry", "pk": 50, "fields": {"action_time": "2022-01-21T13:04:53.218Z", "user": 1, "content_type": 8, "object_id": "2", "object_repr": "Skipper Profile", "action_flag": 2, "change_message": "[]"}}, {"model": "admin.logentry", "pk": 51, "fields": {"action_time": "2022-01-21T13:04:57.372Z", "user": 1, "content_type": 8, "object_id": "3", "object_repr": "Kowalski Profile", "action_flag": 2, "change_message": "[]"}}, {"model": "admin.logentry", "pk": 52, "fields": {"action_time": "2022-01-21T13:05:01.748Z", "user": 1, "content_type": 8, "object_id": "4", "object_repr": "Rico Profile", "action_flag": 2, "change_message": "[]"}}, {"model": "admin.logentry", "pk": 53, "fields": {"action_time": "2022-01-21T13:05:06.161Z", "user": 1, "content_type": 8, "object_id": "5", "object_repr": "Private Profile", "action_flag": 2, "change_message": "[]"}}, {"model": "admin.logentry", "pk": 54, "fields": {"action_time": "2022-01-24T08:36:02.548Z", "user": 1, "content_type": 8, "object_id": "2", "object_repr": "Skipper Profile", "action_flag": 2, "change_message": "[]"}}, {"model": "admin.logentry", "pk": 55, "fields": {"action_time": "2022-01-24T10:33:34.846Z", "user": 1, "content_type": 4, "object_id": "6", "object_repr": "Julian", "action_flag": 1, "change_message": "[{\"added\": {}}]"}}, {"model": "admin.logentry", "pk": 56, "fields": {"action_time": "2022-01-24T10:33:52.948Z", "user": 1, "content_type": 4, "object_id": "6", "object_repr": "Julian", "action_flag": 2, "change_message": "[{\"changed\": {\"fields\": [\"email\"]}}]"}}, {"model": "admin.logentry", "pk": 57, "fields": {"action_time": "2022-01-24T10:34:19.966Z", "user": 1, "content_type": 8, "object_id": "6", "object_repr": "Julian Profile", "action_flag": 2, "change_message": "[{\"changed\": {\"fields\": [\"level\", \"department\"]}}]"}}, {"model": "admin.logentry", "pk": 58, "fields": {"action_time": "2022-01-24T13:05:58.002Z", "user": 1, "content_type": 14, "object_id": "5", "object_repr": "'Warehouse'", "action_flag": 1, "change_message": "[{\"added\": {}}]"}}, {"model": "admin.logentry", "pk": 59, "fields": {"action_time": "2022-01-24T18:46:48.614Z", "user": 1, "content_type": 8, "object_id": "1", "object_repr": "Kibet Profile", "action_flag": 2, "change_message": "[]"}}, {"model": "admin.logentry", "pk": 60, "fields": {"action_time": "2022-01-24T18:47:10.587Z", "user": 1, "content_type": 14, "object_id": "5", "object_repr": "'Warehouse'", "action_flag": 3, "change_message": ""}}, {"model": "admin.logentry", "pk": 61, "fields": {"action_time": "2022-01-24T18:47:30.894Z", "user": 1, "content_type": 14, "object_id": "4", "object_repr": "Warehouse", "action_flag": 2, "change_message": "[]"}}, {"model": "admin.logentry", "pk": 62, "fields": {"action_time": "2022-01-24T18:47:43.893Z", "user": 1, "content_type": 14, "object_id": "1", "object_repr": "Baking", "action_flag": 2, "change_message": "[]"}}, {"model": "admin.logentry", "pk": 63, "fields": {"action_time": "2022-01-24T19:19:58.007Z", "user": 1, "content_type": 8, "object_id": "4", "object_repr": "Rico Profile", "action_flag": 2, "change_message": "[{\"changed\": {\"fields\": [\"department\"]}}]"}}, {"model": "admin.logentry", "pk": 64, "fields": {"action_time": "2022-01-24T19:20:16.969Z", "user": 1, "content_type": 8, "object_id": "5", "object_repr": "Private Profile", "action_flag": 2, "change_message": "[{\"changed\": {\"fields\": [\"department\"]}}]"}}, {"model": "admin.logentry", "pk": 65, "fields": {"action_time": "2022-01-24T19:20:50.560Z", "user": 1, "content_type": 8, "object_id": "2", "object_repr": "Skipper Profile", "action_flag": 2, "change_message": "[{\"changed\": {\"fields\": [\"level\", \"department\"]}}]"}}, {"model": "admin.logentry", "pk": 66, "fields": {"action_time": "2022-01-24T19:21:01.262Z", "user": 1, "content_type": 8, "object_id": "5", "object_repr": "Private Profile", "action_flag": 2, "change_message": "[]"}}, {"model": "admin.logentry", "pk": 67, "fields": {"action_time": "2022-01-24T19:25:36.893Z", "user": 1, "content_type": 8, "object_id": "2", "object_repr": "Skipper Profile", "action_flag": 2, "change_message": "[{\"changed\": {\"fields\": [\"level\"]}}]"}}, {"model": "admin.logentry", "pk": 68, "fields": {"action_time": "2022-01-25T06:14:46.197Z", "user": 1, "content_type": 4, "object_id": "7", "object_repr": "Alice.Muchiri", "action_flag": 1, "change_message": "[{\"added\": {}}]"}}, {"model": "admin.logentry", "pk": 69, "fields": {"action_time": "2022-01-25T06:15:19.022Z", "user": 1, "content_type": 4, "object_id": "8", "object_repr": "Jackline.Odhiambo", "action_flag": 1, "change_message": "[{\"added\": {}}]"}}, {"model": "admin.logentry", "pk": 70, "fields": {"action_time": "2022-01-25T06:16:23.270Z", "user": 1, "content_type": 4, "object_id": "9", "object_repr": "Sohini.Shah", "action_flag": 1, "change_message": "[{\"added\": {}}]"}}, {"model": "admin.logentry", "pk": 71, "fields": {"action_time": "2022-01-25T06:16:43.934Z", "user": 1, "content_type": 4, "object_id": "10", "object_repr": "Stella.Kangethe", "action_flag": 1, "change_message": "[{\"added\": {}}]"}}, {"model": "admin.logentry", "pk": 72, "fields": {"action_time": "2022-01-25T06:17:03.172Z", "user": 1, "content_type": 4, "object_id": "11", "object_repr": "Chandrasekhar", "action_flag": 1, "change_message": "[{\"added\": {}}]"}}, {"model": "admin.logentry", "pk": 73, "fields": {"action_time": "2022-01-25T06:17:28.283Z", "user": 1, "content_type": 4, "object_id": "12", "object_repr": "Timothy.Kiogora", "action_flag": 1, "change_message": "[{\"added\": {}}]"}}, {"model": "admin.logentry", "pk": 74, "fields": {"action_time": "2022-01-25T06:18:02.631Z", "user": 1, "content_type": 4, "object_id": "12", "object_repr": "Timothy.Kiogora", "action_flag": 2, "change_message": "[{\"changed\": {\"fields\": [\"email\"]}}]"}}, {"model": "admin.logentry", "pk": 75, "fields": {"action_time": "2022-01-25T06:20:09.513Z", "user": 1, "content_type": 4, "object_id": "10", "object_repr": "Stella.Kangethe", "action_flag": 2, "change_message": "[{\"changed\": {\"fields\": [\"email\"]}}]"}}, {"model": "admin.logentry", "pk": 76, "fields": {"action_time": "2022-01-25T06:25:22.693Z", "user": 1, "content_type": 4, "object_id": "12", "object_repr": "Timothy.Kiogora", "action_flag": 2, "change_message": "[{\"changed\": {\"fields\": [\"first_name\", \"last_name\"]}}]"}}, {"model": "admin.logentry", "pk": 77, "fields": {"action_time": "2022-01-25T06:25:43.277Z", "user": 1, "content_type": 4, "object_id": "10", "object_repr": "Stella.Kangethe", "action_flag": 2, "change_message": "[{\"changed\": {\"fields\": [\"first_name\", \"last_name\"]}}]"}}, {"model": "admin.logentry", "pk": 78, "fields": {"action_time": "2022-01-25T06:26:10.625Z", "user": 1, "content_type": 4, "object_id": "9", "object_repr": "Sohini.Shah", "action_flag": 2, "change_message": "[{\"changed\": {\"fields\": [\"first_name\", \"last_name\", \"email\"]}}]"}}, {"model": "admin.logentry", "pk": 79, "fields": {"action_time": "2022-01-25T06:28:13.202Z", "user": 1, "content_type": 4, "object_id": "8", "object_repr": "Jackline.Odhiambo", "action_flag": 2, "change_message": "[{\"changed\": {\"fields\": [\"first_name\", \"last_name\", \"email\"]}}]"}}, {"model": "admin.logentry", "pk": 80, "fields": {"action_time": "2022-01-25T06:28:45.764Z", "user": 1, "content_type": 4, "object_id": "11", "object_repr": "Chandrasekhar", "action_flag": 2, "change_message": "[{\"changed\": {\"fields\": [\"first_name\", \"email\"]}}]"}}, {"model": "admin.logentry", "pk": 81, "fields": {"action_time": "2022-01-25T06:29:12.340Z", "user": 1, "content_type": 4, "object_id": "7", "object_repr": "Alice.Muchiri", "action_flag": 2, "change_message": "[{\"changed\": {\"fields\": [\"first_name\", \"last_name\", \"email\"]}}]"}}, {"model": "admin.logentry", "pk": 82, "fields": {"action_time": "2022-01-25T06:29:53.009Z", "user": 1, "content_type": 8, "object_id": "1", "object_repr": "Kibet Profile", "action_flag": 2, "change_message": "[{\"changed\": {\"fields\": [\"level\"]}}]"}}, {"model": "admin.logentry", "pk": 83, "fields": {"action_time": "2022-01-25T06:30:15.165Z", "user": 1, "content_type": 8, "object_id": "7", "object_repr": "Alice.Muchiri Profile", "action_flag": 2, "change_message": "[]"}}, {"model": "admin.logentry", "pk": 84, "fields": {"action_time": "2022-01-25T06:30:24.013Z", "user": 1, "content_type": 8, "object_id": "8", "object_repr": "Jackline.Odhiambo Profile", "action_flag": 2, "change_message": "[{\"changed\": {\"fields\": [\"level\"]}}]"}}, {"model": "admin.logentry", "pk": 85, "fields": {"action_time": "2022-01-25T06:30:34.206Z", "user": 1, "content_type": 8, "object_id": "8", "object_repr": "Jackline.Odhiambo Profile", "action_flag": 2, "change_message": "[{\"changed\": {\"fields\": [\"level\"]}}]"}}, {"model": "admin.logentry", "pk": 86, "fields": {"action_time": "2022-01-25T06:30:40.753Z", "user": 1, "content_type": 8, "object_id": "1", "object_repr": "Kibet Profile", "action_flag": 2, "change_message": "[{\"changed\": {\"fields\": [\"level\"]}}]"}}, {"model": "admin.logentry", "pk": 87, "fields": {"action_time": "2022-01-25T06:32:04.216Z", "user": 1, "content_type": 8, "object_id": "9", "object_repr": "Sohini.Shah Profile", "action_flag": 2, "change_message": "[{\"changed\": {\"fields\": [\"level\"]}}]"}}, {"model": "admin.logentry", "pk": 88, "fields": {"action_time": "2022-01-25T06:32:30.608Z", "user": 1, "content_type": 8, "object_id": "12", "object_repr": "Timothy.Kiogora Profile", "action_flag": 2, "change_message": "[{\"changed\": {\"fields\": [\"level\", \"department\"]}}]"}}, {"model": "admin.logentry", "pk": 89, "fields": {"action_time": "2022-01-25T06:32:49.750Z", "user": 1, "content_type": 8, "object_id": "11", "object_repr": "Chandrasekhar Profile", "action_flag": 2, "change_message": "[{\"changed\": {\"fields\": [\"level\", \"department\"]}}]"}}, {"model": "admin.logentry", "pk": 90, "fields": {"action_time": "2022-01-25T06:33:06.254Z", "user": 1, "content_type": 8, "object_id": "10", "object_repr": "Stella.Kangethe Profile", "action_flag": 2, "change_message": "[{\"changed\": {\"fields\": [\"level\", \"department\"]}}]"}}, {"model": "admin.logentry", "pk": 91, "fields": {"action_time": "2022-01-25T06:33:13.107Z", "user": 1, "content_type": 8, "object_id": "9", "object_repr": "Sohini.Shah Profile", "action_flag": 2, "change_message": "[{\"changed\": {\"fields\": [\"department\"]}}]"}}, {"model": "admin.logentry", "pk": 92, "fields": {"action_time": "2022-01-25T06:33:19.933Z", "user": 1, "content_type": 8, "object_id": "7", "object_repr": "Alice.Muchiri Profile", "action_flag": 2, "change_message": "[]"}}, {"model": "admin.logentry", "pk": 93, "fields": {"action_time": "2022-01-25T06:33:27.780Z", "user": 1, "content_type": 8, "object_id": "8", "object_repr": "Jackline.Odhiambo Profile", "action_flag": 2, "change_message": "[{\"changed\": {\"fields\": [\"level\"]}}]"}}, {"model": "admin.logentry", "pk": 94, "fields": {"action_time": "2022-01-25T07:12:57.348Z", "user": 1, "content_type": 4, "object_id": "13", "object_repr": "Hannah.Aser", "action_flag": 1, "change_message": "[{\"added\": {}}]"}}, {"model": "admin.logentry", "pk": 95, "fields": {"action_time": "2022-01-25T07:13:25.098Z", "user": 1, "content_type": 4, "object_id": "13", "object_repr": "Hannah.Aser", "action_flag": 2, "change_message": "[{\"changed\": {\"fields\": [\"first_name\", \"last_name\", \"email\"]}}]"}}, {"model": "admin.logentry", "pk": 96, "fields": {"action_time": "2022-01-25T07:13:53.648Z", "user": 1, "content_type": 8, "object_id": "13", "object_repr": "Hannah.Aser Profile", "action_flag": 2, "change_message": "[{\"changed\": {\"fields\": [\"level\", \"email\"]}}]"}}, {"model": "admin.logentry", "pk": 97, "fields": {"action_time": "2022-01-25T07:14:11.002Z", "user": 1, "content_type": 8, "object_id": "8", "object_repr": "Jackline.Odhiambo Profile", "action_flag": 2, "change_message": "[{\"changed\": {\"fields\": [\"email\"]}}]"}}, {"model": "admin.logentry", "pk": 98, "fields": {"action_time": "2022-01-25T07:14:32.280Z", "user": 1, "content_type": 8, "object_id": "9", "object_repr": "Sohini.Shah Profile", "action_flag": 2, "change_message": "[{\"changed\": {\"fields\": [\"email\"]}}]"}}, {"model": "admin.logentry", "pk": 99, "fields": {"action_time": "2022-01-25T07:14:47.213Z", "user": 1, "content_type": 8, "object_id": "10", "object_repr": "Stella.Kangethe Profile", "action_flag": 2, "change_message": "[{\"changed\": {\"fields\": [\"email\"]}}]"}}, {"model": "admin.logentry", "pk": 100, "fields": {"action_time": "2022-01-25T07:15:03.214Z", "user": 1, "content_type": 8, "object_id": "11", "object_repr": "Chandrasekhar Profile", "action_flag": 2, "change_message": "[{\"changed\": {\"fields\": [\"email\"]}}]"}}, {"model": "admin.logentry", "pk": 101, "fields": {"action_time": "2022-01-25T07:15:17.695Z", "user": 1, "content_type": 8, "object_id": "12", "object_repr": "Timothy.Kiogora Profile", "action_flag": 2, "change_message": "[{\"changed\": {\"fields\": [\"email\"]}}]"}}, {"model": "admin.logentry", "pk": 102, "fields": {"action_time": "2022-01-25T07:15:21.603Z", "user": 1, "content_type": 8, "object_id": "13", "object_repr": "Hannah.Aser Profile", "action_flag": 2, "change_message": "[]"}}, {"model": "admin.logentry", "pk": 103, "fields": {"action_time": "2022-01-25T07:15:35.234Z", "user": 1, "content_type": 8, "object_id": "7", "object_repr": "Alice.Muchiri Profile", "action_flag": 2, "change_message": "[{\"changed\": {\"fields\": [\"email\"]}}]"}}, {"model": "admin.logentry", "pk": 104, "fields": {"action_time": "2022-01-25T09:20:02.006Z", "user": 1, "content_type": 8, "object_id": "1", "object_repr": "Kibet Profile", "action_flag": 2, "change_message": "[{\"changed\": {\"fields\": [\"level\"]}}]"}}, {"model": "admin.logentry", "pk": 105, "fields": {"action_time": "2022-01-25T10:35:33.645Z", "user": 1, "content_type": 8, "object_id": "1", "object_repr": "Kibet Profile", "action_flag": 2, "change_message": "[{\"changed\": {\"fields\": [\"level\"]}}]"}}, {"model": "admin.logentry", "pk": 106, "fields": {"action_time": "2022-01-25T10:35:45.223Z", "user": 1, "content_type": 8, "object_id": "13", "object_repr": "Hannah.Aser Profile", "action_flag": 2, "change_message": "[{\"changed\": {\"fields\": [\"level\"]}}]"}}, {"model": "admin.logentry", "pk": 107, "fields": {"action_time": "2022-01-25T10:35:53.980Z", "user": 1, "content_type": 8, "object_id": "12", "object_repr": "Timothy.Kiogora Profile", "action_flag": 2, "change_message": "[{\"changed\": {\"fields\": [\"level\"]}}]"}}, {"model": "admin.logentry", "pk": 108, "fields": {"action_time": "2022-01-25T10:36:11.246Z", "user": 1, "content_type": 8, "object_id": "12", "object_repr": "Timothy.Kiogora Profile", "action_flag": 2, "change_message": "[]"}}, {"model": "admin.logentry", "pk": 109, "fields": {"action_time": "2022-01-25T10:36:17.645Z", "user": 1, "content_type": 8, "object_id": "11", "object_repr": "Chandrasekhar Profile", "action_flag": 2, "change_message": "[{\"changed\": {\"fields\": [\"level\"]}}]"}}, {"model": "admin.logentry", "pk": 110, "fields": {"action_time": "2022-01-25T10:36:22.989Z", "user": 1, "content_type": 8, "object_id": "10", "object_repr": "Stella.Kangethe Profile", "action_flag": 2, "change_message": "[{\"changed\": {\"fields\": [\"level\"]}}]"}}, {"model": "admin.logentry", "pk": 111, "fields": {"action_time": "2022-01-25T10:36:31.681Z", "user": 1, "content_type": 8, "object_id": "10", "object_repr": "Stella.Kangethe Profile", "action_flag": 2, "change_message": "[{\"changed\": {\"fields\": [\"level\"]}}]"}}, {"model": "admin.logentry", "pk": 112, "fields": {"action_time": "2022-01-25T10:36:37.401Z", "user": 1, "content_type": 8, "object_id": "9", "object_repr": "Sohini.Shah Profile", "action_flag": 2, "change_message": "[{\"changed\": {\"fields\": [\"level\"]}}]"}}, {"model": "admin.logentry", "pk": 113, "fields": {"action_time": "2022-01-25T10:36:41.611Z", "user": 1, "content_type": 8, "object_id": "9", "object_repr": "Sohini.Shah Profile", "action_flag": 2, "change_message": "[]"}}, {"model": "admin.logentry", "pk": 114, "fields": {"action_time": "2022-01-25T10:36:47.085Z", "user": 1, "content_type": 8, "object_id": "8", "object_repr": "Jackline.Odhiambo Profile", "action_flag": 2, "change_message": "[{\"changed\": {\"fields\": [\"level\"]}}]"}}, {"model": "admin.logentry", "pk": 115, "fields": {"action_time": "2022-01-25T10:36:52.678Z", "user": 1, "content_type": 8, "object_id": "7", "object_repr": "Alice.Muchiri Profile", "action_flag": 2, "change_message": "[]"}}, {"model": "admin.logentry", "pk": 116, "fields": {"action_time": "2022-01-25T10:51:13.091Z", "user": 1, "content_type": 8, "object_id": "8", "object_repr": "Jackline.Odhiambo Profile", "action_flag": 2, "change_message": "[{\"changed\": {\"fields\": [\"level\"]}}]"}}, {"model": "admin.logentry", "pk": 117, "fields": {"action_time": "2022-01-25T11:41:59.025Z", "user": 1, "content_type": 16, "object_id": "5", "object_repr": "Plain 10 Ltr Rina Yellow Jericans", "action_flag": 1, "change_message": "[{\"added\": {}}]"}}, {"model": "admin.logentry", "pk": 118, "fields": {"action_time": "2022-01-25T11:42:31.503Z", "user": 1, "content_type": 15, "object_id": "3", "object_repr": "BLOWPLAST LTD", "action_flag": 2, "change_message": "[]"}}, {"model": "admin.logentry", "pk": 119, "fields": {"action_time": "2022-01-25T11:49:08.353Z", "user": 1, "content_type": 4, "object_id": "14", "object_repr": "Admin", "action_flag": 1, "change_message": "[{\"added\": {}}]"}}, {"model": "admin.logentry", "pk": 120, "fields": {"action_time": "2022-01-25T11:49:29.895Z", "user": 1, "content_type": 4, "object_id": "14", "object_repr": "Admin", "action_flag": 2, "change_message": "[{\"changed\": {\"fields\": [\"email\"]}}]"}}, {"model": "admin.logentry", "pk": 121, "fields": {"action_time": "2022-01-25T11:49:56.204Z", "user": 1, "content_type": 8, "object_id": "14", "object_repr": "Admin Profile", "action_flag": 2, "change_message": "[{\"changed\": {\"fields\": [\"level\", \"department\", \"email\"]}}]"}}, {"model": "admin.logentry", "pk": 122, "fields": {"action_time": "2022-01-25T11:50:11.939Z", "user": 1, "content_type": 14, "object_id": "6", "object_repr": "ICT", "action_flag": 1, "change_message": "[{\"added\": {}}]"}}, {"model": "admin.logentry", "pk": 123, "fields": {"action_time": "2022-02-04T09:14:59.760Z", "user": 1, "content_type": 18, "object_id": "1", "object_repr": "Reject full delivery", "action_flag": 1, "change_message": "[{\"added\": {}}]"}}, {"model": "admin.logentry", "pk": 124, "fields": {"action_time": "2022-02-04T09:15:21.841Z", "user": 1, "content_type": 18, "object_id": "2", "object_repr": "Reject affected quantity", "action_flag": 1, "change_message": "[{\"added\": {}}]"}}, {"model": "admin.logentry", "pk": 125, "fields": {"action_time": "2022-02-04T09:15:58.901Z", "user": 1, "content_type": 18, "object_id": "3", "object_repr": "Offload delivery and segregate", "action_flag": 1, "change_message": "[{\"added\": {}}]"}}, {"model": "admin.logentry", "pk": 126, "fields": {"action_time": "2022-02-04T09:16:14.584Z", "user": 1, "content_type": 18, "object_id": "4", "object_repr": "Accept delivery as is", "action_flag": 1, "change_message": "[{\"added\": {}}]"}}, {"model": "admin.logentry", "pk": 127, "fields": {"action_time": "2022-02-04T09:16:40.405Z", "user": 1, "content_type": 18, "object_id": "5", "object_repr": "Reject affected quantity", "action_flag": 1, "change_message": "[{\"added\": {}}]"}}, {"model": "admin.logentry", "pk": 128, "fields": {"action_time": "2022-02-04T09:16:52.866Z", "user": 1, "content_type": 18, "object_id": "5", "object_repr": "Reject affected quantity", "action_flag": 3, "change_message": ""}}, {"model": "admin.logentry", "pk": 129, "fields": {"action_time": "2022-02-04T12:14:44.086Z", "user": 1, "content_type": 18, "object_id": "4", "object_repr": "Reject full delivery", "action_flag": 2, "change_message": "[{\"changed\": {\"fields\": [\"name\"]}}]"}}, {"model": "admin.logentry", "pk": 130, "fields": {"action_time": "2022-02-04T12:15:27.738Z", "user": 1, "content_type": 18, "object_id": "5", "object_repr": "Reject affected quantity", "action_flag": 1, "change_message": "[{\"added\": {}}]"}}, {"model": "admin.logentry", "pk": 131, "fields": {"action_time": "2022-02-04T12:15:53.795Z", "user": 1, "content_type": 18, "object_id": "6", "object_repr": "Offload delivery and segregate", "action_flag": 1, "change_message": "[{\"added\": {}}]"}}, {"model": "admin.logentry", "pk": 132, "fields": {"action_time": "2022-02-04T12:16:08.822Z", "user": 1, "content_type": 18, "object_id": "7", "object_repr": "Accept delivery as is", "action_flag": 1, "change_message": "[{\"added\": {}}]"}}, {"model": "admin.logentry", "pk": 133, "fields": {"action_time": "2022-02-04T12:16:27.638Z", "user": 1, "content_type": 18, "object_id": "3", "object_repr": "name", "action_flag": 2, "change_message": "[]"}}, {"model": "admin.logentry", "pk": 134, "fields": {"action_time": "2022-02-04T12:16:50.396Z", "user": 1, "content_type": 18, "object_id": "7", "object_repr": "Accept delivery as is", "action_flag": 3, "change_message": ""}}, {"model": "admin.logentry", "pk": 135, "fields": {"action_time": "2022-02-04T12:16:58.369Z", "user": 1, "content_type": 18, "object_id": "3", "object_repr": "Accept delivery as is", "action_flag": 2, "change_message": "[{\"changed\": {\"fields\": [\"name\"]}}]"}}, {"model": "admin.logentry", "pk": 136, "fields": {"action_time": "2022-02-04T12:17:39.770Z", "user": 1, "content_type": 18, "object_id": "6", "object_repr": "Offload delivery and segregate", "action_flag": 3, "change_message": ""}}, {"model": "admin.logentry", "pk": 137, "fields": {"action_time": "2022-02-04T12:17:50.527Z", "user": 1, "content_type": 18, "object_id": "2", "object_repr": "Offload delivery and segregate", "action_flag": 2, "change_message": "[{\"changed\": {\"fields\": [\"name\"]}}]"}}, {"model": "admin.logentry", "pk": 138, "fields": {"action_time": "2022-02-04T12:17:57.227Z", "user": 1, "content_type": 18, "object_id": "5", "object_repr": "", "action_flag": 2, "change_message": "[{\"changed\": {\"fields\": [\"name\"]}}]"}}, {"model": "admin.logentry", "pk": 139, "fields": {"action_time": "2022-02-04T12:18:08.459Z", "user": 1, "content_type": 18, "object_id": "1", "object_repr": "Reject affected quantity", "action_flag": 2, "change_message": "[{\"changed\": {\"fields\": [\"name\"]}}]"}}, {"model": "admin.logentry", "pk": 140, "fields": {"action_time": "2022-02-04T12:19:10.694Z", "user": 1, "content_type": 18, "object_id": "5", "object_repr": "", "action_flag": 3, "change_message": ""}}]